-- MySQL dump 10.13  Distrib 8.0.31, for Win64 (x86_64)
--
-- Host: 127.0.0.1    Database: trabajo_salud
-- ------------------------------------------------------
-- Server version	8.0.30

/*!40101 SET @OLD_CHARACTER_SET_CLIENT=@@CHARACTER_SET_CLIENT */;
/*!40101 SET @OLD_CHARACTER_SET_RESULTS=@@CHARACTER_SET_RESULTS */;
/*!40101 SET @OLD_COLLATION_CONNECTION=@@COLLATION_CONNECTION */;
/*!50503 SET NAMES utf8 */;
/*!40103 SET @OLD_TIME_ZONE=@@TIME_ZONE */;
/*!40103 SET TIME_ZONE='+00:00' */;
/*!40014 SET @OLD_UNIQUE_CHECKS=@@UNIQUE_CHECKS, UNIQUE_CHECKS=0 */;
/*!40014 SET @OLD_FOREIGN_KEY_CHECKS=@@FOREIGN_KEY_CHECKS, FOREIGN_KEY_CHECKS=0 */;
/*!40101 SET @OLD_SQL_MODE=@@SQL_MODE, SQL_MODE='NO_AUTO_VALUE_ON_ZERO' */;
/*!40111 SET @OLD_SQL_NOTES=@@SQL_NOTES, SQL_NOTES=0 */;

--
-- Table structure for table `departamentos`
--

DROP TABLE IF EXISTS `departamentos`;
/*!40101 SET @saved_cs_client     = @@character_set_client */;
/*!50503 SET character_set_client = utf8mb4 */;
CREATE TABLE `departamentos` (
  `nro_departamento` int NOT NULL AUTO_INCREMENT,
  `nom_departamento` varchar(25) DEFAULT NULL,
  PRIMARY KEY (`nro_departamento`)
) ENGINE=InnoDB AUTO_INCREMENT=20 DEFAULT CHARSET=utf8mb4 COLLATE=utf8mb4_0900_ai_ci;
/*!40101 SET character_set_client = @saved_cs_client */;

--
-- Dumping data for table `departamentos`
--

LOCK TABLES `departamentos` WRITE;
/*!40000 ALTER TABLE `departamentos` DISABLE KEYS */;
INSERT INTO `departamentos` VALUES (1,'Enfermeria'),(2,'Medecina general'),(3,'Nutrición'),(4,'Psicología'),(5,'Veterinaria'),(6,'Odontología'),(7,'Cardiología'),(8,'Pediatría'),(9,'Reumatología'),(10,'Oncología'),(11,'Neurología'),(12,'Nefrología'),(13,'Hepatología'),(14,'Hematología'),(15,'Gastroenterología'),(16,'Endocrinología'),(17,'Medicina forense'),(18,'Geriatría'),(19,'Obstetricia');
/*!40000 ALTER TABLE `departamentos` ENABLE KEYS */;
UNLOCK TABLES;

--
-- Table structure for table `empleados`
--

DROP TABLE IF EXISTS `empleados`;
/*!40101 SET @saved_cs_client     = @@character_set_client */;
/*!50503 SET character_set_client = utf8mb4 */;
CREATE TABLE `empleados` (
  `id` bigint unsigned NOT NULL AUTO_INCREMENT,
  `emp_nombre` varchar(255) COLLATE utf8mb4_unicode_ci NOT NULL,
  `emp_apellido` varchar(255) COLLATE utf8mb4_unicode_ci NOT NULL,
  `emp_edad` int NOT NULL,
  `emp_oficio` varchar(255) COLLATE utf8mb4_unicode_ci NOT NULL,
  `emp_fecha_alta` date NOT NULL,
  `emp_salario` int NOT NULL,
  `remember_token` varchar(100) COLLATE utf8mb4_unicode_ci DEFAULT NULL,
  `created_at` timestamp NULL DEFAULT NULL,
  `updated_at` timestamp NULL DEFAULT NULL,
  `nro_departamento` int DEFAULT NULL,
  PRIMARY KEY (`id`),
  KEY `fk_emple_dep_idx` (`nro_departamento`),
  CONSTRAINT `fk_emple_dep` FOREIGN KEY (`nro_departamento`) REFERENCES `departamentos` (`nro_departamento`)
) ENGINE=InnoDB AUTO_INCREMENT=1003 DEFAULT CHARSET=utf8mb4 COLLATE=utf8mb4_unicode_ci;
/*!40101 SET character_set_client = @saved_cs_client */;

--
-- Dumping data for table `empleados`
--

LOCK TABLES `empleados` WRITE;
/*!40000 ALTER TABLE `empleados` DISABLE KEYS */;
INSERT INTO `empleados` VALUES (1,'Reynaldo','Rodigues',1997,'Enfermeria','1980-06-04',1700,NULL,'2022-11-28 04:02:15','2022-11-28 04:02:15',1),(2,'Roosevelt Batz DDS','Gleason',1989,'Enfermeria','2019-07-21',1700,NULL,'2022-11-28 04:02:15','2022-11-28 04:02:15',1),(3,'Sarah Glover','Conroy',1983,'Enfermeria','1995-03-06',1850,NULL,'2022-11-28 04:02:15','2022-11-28 04:02:15',1),(4,'Dane Cartwright V','Daniel',1978,'Enfermeria','1971-12-26',1850,NULL,'2022-11-28 04:02:15','2022-11-28 04:02:15',1),(5,'Savanah Kessler','Renner',1994,'Enfermeria','1971-09-15',1950,NULL,'2022-11-28 04:02:15','2022-11-28 04:02:15',1),(6,'Shania Cronin','Parisian',1995,'Enfermeria','2020-01-10',1950,NULL,'2022-11-28 04:02:15','2022-11-28 04:02:15',1),(7,'Lucio Denesik','Schultz',2021,'Enfermeria','1979-02-14',1950,NULL,'2022-11-28 04:02:15','2022-11-28 04:02:15',1),(8,'Dr. Curt Abernathy Jr.','Feil',2009,'Enfermeria','1975-07-19',1950,NULL,'2022-11-28 04:02:15','2022-11-28 04:02:15',1),(9,'Larissa Hahn','Doyle',1982,'Enfermeria','1989-03-14',1950,NULL,'2022-11-28 04:02:15','2022-11-28 04:02:15',1),(10,'Dr. Justen Koelpin','Jerde',2008,'Enfermeria','2002-08-28',1950,NULL,'2022-11-28 04:02:15','2022-11-28 04:02:15',1),(11,'Ida Armstrong','Steuber',1971,'Medicina general','1977-06-25',5000,NULL,'2022-11-28 04:02:15','2022-11-28 04:02:15',2),(12,'Rebekah Roob','Heathcote',2007,'Medicina general','1992-02-29',5000,NULL,'2022-11-28 04:02:15','2022-11-28 04:02:15',2),(13,'Thaddeus Brakus DVM','Strosin',1991,'Medicina general','2015-11-17',5000,NULL,'2022-11-28 04:02:15','2022-11-28 04:02:15',2),(14,'Waino Haley','Christiansen',2016,'Medicina general','2016-03-26',5000,NULL,'2022-11-28 04:02:15','2022-11-28 04:02:15',2),(15,'Mr. Franco O\'Reilly I','Emard',1998,'Medicina general','1993-07-03',5000,NULL,'2022-11-28 04:02:15','2022-11-28 04:02:15',2),(16,'Josiane Hagenes','Kohler',2019,'Enfermeria','2014-03-30',1800,NULL,'2022-11-28 04:02:15','2022-11-28 04:02:15',1),(17,'Mrs. Molly Reilly','Kohler',1983,'Enfermeria','2013-10-24',1800,NULL,'2022-11-28 04:02:15','2022-11-28 04:02:15',1),(18,'Stephon Hickle','Sporer',1982,'Enfermeria','1979-04-16',1800,NULL,'2022-11-28 04:02:15','2022-11-28 04:02:15',1),(19,'Mr. Philip Reilly','Goodwin',2019,'Enfermeria','1998-06-04',1800,NULL,'2022-11-28 04:02:15','2022-11-28 04:02:15',1),(20,'Bartholome Walker','Stokes',1987,'Enfermeria','2019-07-17',1800,NULL,'2022-11-28 04:02:15','2022-11-28 04:02:15',1),(21,'Dr. Shaniya Sawayn','D\'Amore',1984,'Enfermeria','1971-12-27',1850,NULL,'2022-11-28 04:02:15','2022-11-28 04:02:15',1),(22,'Monica Runte IV','Douglas',2008,'Enfermeria','1973-03-31',1850,NULL,'2022-11-28 04:02:15','2022-11-28 04:02:15',1),(23,'Rogers Cummings','Ebert',2002,'Enfermeria','2008-09-19',1850,NULL,'2022-11-28 04:02:15','2022-11-28 04:02:15',1),(24,'Colby Hammes','Walter',1997,'Enfermeria','2007-03-31',1850,NULL,'2022-11-28 04:02:15','2022-11-28 04:02:15',1),(25,'Rosanna Boyle','Emard',1971,'Enfermeria','2012-07-15',1850,NULL,'2022-11-28 04:02:15','2022-11-28 04:02:15',1),(26,'Morris Senger','Cassin',2021,'Enfermeria','1992-01-12',1850,NULL,'2022-11-28 04:02:15','2022-11-28 04:02:15',1),(27,'Shanie Schuster DDS','Hudson',2021,'Enfermeria','1981-03-11',1850,NULL,'2022-11-28 04:02:15','2022-11-28 04:02:15',1),(28,'Herminio Powlowski MD','Borer',2007,'Enfermeria','2021-03-06',1900,NULL,'2022-11-28 04:02:15','2022-11-28 04:02:15',1),(29,'Georgianna Nolan','Howe',1975,'Enfermeria','2017-01-08',1900,NULL,'2022-11-28 04:02:15','2022-11-28 04:02:15',1),(30,'Alberta Williamson','Fadel',1987,'Enfermeria','1992-12-24',1900,NULL,'2022-11-28 04:02:15','2022-11-28 04:02:15',1),(31,'Leopoldo Hoeger','Howe',1992,'Enfermeria','2015-08-25',1900,NULL,'2022-11-28 04:02:15','2022-11-28 04:02:15',1),(32,'Ms. Frieda Hirthe PhD','Littel',2008,'Enfermeria','1979-12-07',1900,NULL,'2022-11-28 04:02:15','2022-11-28 04:02:15',1),(33,'Nichole Schimmel','Miller',2008,'Enfermeria','2006-10-10',1900,NULL,'2022-11-28 04:02:15','2022-11-28 04:02:15',1),(34,'Prof. Jordyn Aufderhar','Feeney',1981,'Enfermeria','1973-09-05',1900,NULL,'2022-11-28 04:02:15','2022-11-28 04:02:15',1),(35,'Ms. Janis Rutherford DDS','Cremin',1985,'Enfermeria','1998-10-01',1900,NULL,'2022-11-28 04:02:15','2022-11-28 04:02:15',1),(36,'Sarah Gutkowski','Herzog',1977,'Obstetricia','1977-08-05',2500,NULL,'2022-11-28 04:02:15','2022-11-28 04:02:15',19),(37,'Katrine Collier III','Blick',2009,'Obstetricia','1971-11-23',2500,NULL,'2022-11-28 04:02:15','2022-11-28 04:02:15',19),(38,'Raymundo Jaskolski','Kassulke',2000,'Obstetricia','2014-07-04',2500,NULL,'2022-11-28 04:02:15','2022-11-28 04:02:15',19),(39,'Hunter Nitzsche','Hirthe',1987,'Obstetricia','1989-03-09',2500,NULL,'2022-11-28 04:02:15','2022-11-28 04:02:15',19),(40,'Odie Hamill Jr.','Steuber',1992,'Obstetricia','2000-12-01',2500,NULL,'2022-11-28 04:02:15','2022-11-28 04:02:15',19),(41,'Cyril Ruecker','Welch',2015,'Obstetricia','2019-01-27',2500,NULL,'2022-11-28 04:02:15','2022-11-28 04:02:15',19),(42,'Karli Bruen','Corkery',1975,'Obstetricia','2017-04-20',2500,NULL,'2022-11-28 04:02:15','2022-11-28 04:02:15',19),(43,'Anais Hane V','Von',2015,'Obstetricia','1986-03-08',2500,NULL,'2022-11-28 04:02:15','2022-11-28 04:02:15',19),(44,'Julien Tromp PhD','Abernathy',1971,'Obstetricia','1985-10-05',2500,NULL,'2022-11-28 04:02:15','2022-11-28 04:02:15',19),(45,'Osbaldo Collier','Gerlach',2009,'Obstetricia','1971-05-08',2500,NULL,'2022-11-28 04:02:15','2022-11-28 04:02:15',19),(46,'Mr. Erling Rutherford I','Nienow',2009,'Obstetricia','1974-09-03',2500,NULL,'2022-11-28 04:02:15','2022-11-28 04:02:15',19),(47,'Hilton Wiegand','Eichmann',1988,'Obstetricia','1996-09-20',2500,NULL,'2022-11-28 04:02:15','2022-11-28 04:02:15',19),(48,'Estevan O\'Connell','Schamberger',1980,'Obstetricia','1997-10-10',2500,NULL,'2022-11-28 04:02:15','2022-11-28 04:02:15',19),(49,'Mr. Kamryn Weimann','Upton',2019,'Obstetricia','1997-02-16',2750,NULL,'2022-11-28 04:02:15','2022-11-28 04:02:15',19),(50,'Mr. Geovanny Quitzon Sr.','Cronin',2005,'Obstetricia','1998-10-30',2750,NULL,'2022-11-28 04:02:15','2022-11-28 04:02:15',19),(51,'Bernadine Eichmann','Romaguera',1988,'Obstetricia','1994-05-06',2750,NULL,'2022-11-28 04:02:15','2022-11-28 04:02:15',19),(52,'Kyle Grant','Langworth',2021,'Obstetricia','1990-12-16',2750,NULL,'2022-11-28 04:02:15','2022-11-28 04:02:15',19),(53,'Mr. Franz Purdy','Sawayn',1989,'Obstetricia','2020-11-29',2750,NULL,'2022-11-28 04:02:15','2022-11-28 04:02:15',19),(54,'Dudley Olson','Williamson',2012,'Obstetricia','1987-08-06',2750,NULL,'2022-11-28 04:02:15','2022-11-28 04:02:15',19),(55,'Akeem Barton','Jaskolski',2002,'Obstetricia','1982-11-24',2750,NULL,'2022-11-28 04:02:15','2022-11-28 04:02:15',19),(56,'Miss Misty Wisoky','Runolfsdottir',2006,'Obstetricia','1971-09-14',2750,NULL,'2022-11-28 04:02:15','2022-11-28 04:02:15',19),(57,'Prof. Micaela Considine','Farrell',2021,'Obstetricia','1997-03-29',2650,NULL,'2022-11-28 04:02:15','2022-11-28 04:02:15',19),(58,'Dr. Hobart Bruen','Orn',1990,'Obstetricia','1978-09-01',2650,NULL,'2022-11-28 04:02:15','2022-11-28 04:02:15',19),(59,'Antonina Smith','Boyer',2020,'Obstetricia','1991-04-09',2650,NULL,'2022-11-28 04:02:15','2022-11-28 04:02:15',19),(60,'Dedric Grant','Pfannerstill',2004,'Obstetricia','2009-01-23',2650,NULL,'2022-11-28 04:02:15','2022-11-28 04:02:15',19),(61,'Mrs. Luella Rolfson','Swaniawski',1980,'Obstetricia','1971-08-30',2650,NULL,'2022-11-28 04:02:15','2022-11-28 04:02:15',19),(62,'Mrs. Maci Brekke III','Wunsch',1989,'Obstetricia','2001-12-12',2650,NULL,'2022-11-28 04:02:15','2022-11-28 04:02:15',19),(63,'Mrs. Kelsi Stehr','Abshire',2012,'Obstetricia','2018-09-25',2650,NULL,'2022-11-28 04:02:15','2022-11-28 04:02:15',19),(64,'Prof. Ike Haag','Stanton',1977,'Obstetricia','1995-11-23',2650,NULL,'2022-11-28 04:02:15','2022-11-28 04:02:15',19),(65,'Minnie Huel','Feest',1970,'Obstetricia','2008-12-26',2650,NULL,'2022-11-28 04:02:15','2022-11-28 04:02:15',19),(66,'Dameon Hilpert','Bradtke',2005,'Obstetricia','1983-12-03',2650,NULL,'2022-11-28 04:02:15','2022-11-28 04:02:15',19),(67,'Ansel Nolan','Pagac',1985,'Obstetricia','1975-10-11',2650,NULL,'2022-11-28 04:02:15','2022-11-28 04:02:15',19),(68,'Myrl Barton','Swift',1983,'Obstetricia','1995-04-30',2650,NULL,'2022-11-28 04:02:15','2022-11-28 04:02:15',19),(69,'Florence Gibson','Mann',1989,'Obstetricia','1975-11-24',2650,NULL,'2022-11-28 04:02:15','2022-11-28 04:02:15',19),(70,'Mr. Coty McKenzie','Dicki',1986,'Obstetricia','1990-12-12',2650,NULL,'2022-11-28 04:02:15','2022-11-28 04:02:15',19),(71,'Mr. Bernardo Mills Jr.','Rutherford',1982,'Obstetricia','2021-05-27',2650,NULL,'2022-11-28 04:02:15','2022-11-28 04:02:15',19),(72,'Astrid Blanda','Heathcote',1982,'Obstetricia','2001-10-06',2650,NULL,'2022-11-28 04:02:15','2022-11-28 04:02:15',19),(73,'Amelia O\'Connell','Rohan',2012,'Obstetricia','2007-02-15',2650,NULL,'2022-11-28 04:02:15','2022-11-28 04:02:15',19),(74,'Prof. Elfrieda Mayert','Boyer',1976,'Obstetricia','2016-07-16',2650,NULL,'2022-11-28 04:02:15','2022-11-28 04:02:15',19),(75,'Prof. Jonathon Hegmann','Konopelski',2000,'Obstetricia','2001-08-20',2650,NULL,'2022-11-28 04:02:15','2022-11-28 04:02:15',19),(76,'Mrs. Joyce Johnson IV','Pfannerstill',1991,'Obstetricia','2012-04-06',2650,NULL,'2022-11-28 04:02:15','2022-11-28 04:02:15',19),(77,'Libbie Hahn','Kutch',1972,'Obstetricia','2011-03-12',2580,NULL,'2022-11-28 04:02:15','2022-11-28 04:02:15',19),(78,'Roger Rolfson','Brakus',2006,'Obstetricia','1971-08-15',2580,NULL,'2022-11-28 04:02:15','2022-11-28 04:02:15',19),(79,'Miss Abagail Shields','Corwin',1980,'Obstetricia','1992-01-10',2580,NULL,'2022-11-28 04:02:15','2022-11-28 04:02:15',19),(80,'Dr. Steve Stoltenberg DDS','Kessler',2007,'Obstetricia','1989-11-11',2580,NULL,'2022-11-28 04:02:15','2022-11-28 04:02:15',19),(81,'Antonio Schaden','Sporer',2007,'Obstetricia','1987-05-09',2580,NULL,'2022-11-28 04:02:15','2022-11-28 04:02:15',19),(82,'Therese Hegmann','Hand',1976,'Obstetricia','1973-02-20',2580,NULL,'2022-11-28 04:02:15','2022-11-28 04:02:15',19),(83,'Ottis Emard','Smith',2005,'Obstetricia','1976-10-08',2580,NULL,'2022-11-28 04:02:15','2022-11-28 04:02:15',19),(84,'Ethan Waelchi Sr.','Gusikowski',2009,'Obstetricia','1990-09-10',2580,NULL,'2022-11-28 04:02:15','2022-11-28 04:02:15',19),(85,'Mrs. Jodie Aufderhar','Morar',1970,'Obstetricia','1975-11-22',2580,NULL,'2022-11-28 04:02:15','2022-11-28 04:02:15',19),(86,'Brandy Tremblay','Renner',1983,'Medicina general','1994-10-21',5000,NULL,'2022-11-28 04:02:15','2022-11-28 04:02:15',2),(87,'Prof. Joanne Rempel','Heidenreich',1978,'Medicina general','1999-06-05',5000,NULL,'2022-11-28 04:02:15','2022-11-28 04:02:15',2),(88,'Ashley Cartwright','Harvey',1988,'Medicina general','2018-07-04',5000,NULL,'2022-11-28 04:02:15','2022-11-28 04:02:15',2),(89,'Britney Graham V','Kerluke',1976,'Medicina general','1973-02-08',5000,NULL,'2022-11-28 04:02:15','2022-11-28 04:02:15',2),(90,'Zaria Harris V','Hayes',1997,'Medicina general','1988-10-11',5000,NULL,'2022-11-28 04:02:15','2022-11-28 04:02:15',2),(91,'Miss Taryn Boyer MD','Stroman',1988,'Medicina general','2012-01-29',5000,NULL,'2022-11-28 04:02:15','2022-11-28 04:02:15',2),(92,'Shanie Harber','Aufderhar',2011,'Medicina general','1975-09-08',5000,NULL,'2022-11-28 04:02:15','2022-11-28 04:02:15',2),(93,'Braeden Kub Sr.','Corkery',2019,'Medicina general','1999-08-07',5000,NULL,'2022-11-28 04:02:15','2022-11-28 04:02:15',2),(94,'Dallin Kunze DVM','Boyle',2012,'Medicina general','1992-03-14',5000,NULL,'2022-11-28 04:02:15','2022-11-28 04:02:15',2),(95,'August Dickinson','Champlin',2003,'Medicina general','1981-03-03',5000,NULL,'2022-11-28 04:02:15','2022-11-28 04:02:15',2),(96,'Eleonore Reichert','Rodriguez',1986,'Medicina general','1987-01-16',5000,NULL,'2022-11-28 04:02:15','2022-11-28 04:02:15',2),(97,'Allie Gutmann','Ruecker',1981,'Medicina general','1995-01-21',5000,NULL,'2022-11-28 04:02:15','2022-11-28 04:02:15',2),(98,'Prof. Jay Lindgren','Wunsch',1980,'Medicina general','2016-09-26',5000,NULL,'2022-11-28 04:02:15','2022-11-28 04:02:15',2),(99,'Adalberto Rau V','Schaden',1978,'Medicina general','1998-07-22',5000,NULL,'2022-11-28 04:02:15','2022-11-28 04:02:15',2),(100,'Ms. Alexandria Mante','Carroll',1988,'Medicina general','2009-05-30',5000,NULL,'2022-11-28 04:02:15','2022-11-28 04:02:15',2),(101,'Marietta Koss','Reichel',2009,'Medicina general','2008-03-03',5000,NULL,'2022-11-28 04:02:15','2022-11-28 04:02:15',2),(102,'Prof. Roxane Keebler','Greenholt',2000,'Medicina general','1999-01-21',5000,NULL,'2022-11-28 04:02:15','2022-11-28 04:02:15',2),(103,'Antoinette Heaney Jr.','Marvin',2010,'Medicina general','2008-08-27',5000,NULL,'2022-11-28 04:02:15','2022-11-28 04:02:15',2),(104,'Kane Wolff II','Hartmann',2015,'Medicina general','1988-10-14',5000,NULL,'2022-11-28 04:02:15','2022-11-28 04:02:15',2),(105,'Jeffery Eichmann DDS','Cremin',1994,'Medicina general','1997-01-10',5000,NULL,'2022-11-28 04:02:15','2022-11-28 04:02:15',2),(106,'Miss Jessika Renner I','Donnelly',1988,'Medicina general','2020-11-18',5000,NULL,'2022-11-28 04:02:15','2022-11-28 04:02:15',2),(107,'Royce Dietrich','Johnston',2014,'Medicina general','2010-09-29',5000,NULL,'2022-11-28 04:02:15','2022-11-28 04:02:15',2),(108,'Courtney Reinger IV','Wiza',1971,'Medicina general','1996-09-11',5000,NULL,'2022-11-28 04:02:15','2022-11-28 04:02:15',2),(109,'Prof. Emilie Satterfield','Smith',1993,'Medicina general','1974-05-09',5000,NULL,'2022-11-28 04:02:15','2022-11-28 04:02:15',2),(110,'Prof. Dakota Schmidt','Harber',2015,'Medicina general','2020-03-27',5000,NULL,'2022-11-28 04:02:15','2022-11-28 04:02:15',2),(111,'Miss Brenna McClure','Kilback',2014,'Nutricionista','1976-10-04',5000,NULL,'2022-11-28 04:02:15','2022-11-28 04:02:15',3),(112,'Merle Dibbert Jr.','Hickle',1978,'Nutricionista','2017-03-16',3000,NULL,'2022-11-28 04:02:15','2022-11-28 04:02:15',3),(113,'Dr. Merritt Crist Jr.','Turner',2006,'Nutricionista','1989-03-24',3000,NULL,'2022-11-28 04:02:15','2022-11-28 04:02:15',3),(114,'Bailey Baumbach','Braun',2015,'Nutricionista','1982-01-19',3000,NULL,'2022-11-28 04:02:15','2022-11-28 04:02:15',3),(115,'Isabelle Simonis','Torphy',2007,'Nutricionista','1974-10-19',3000,NULL,'2022-11-28 04:02:15','2022-11-28 04:02:15',3),(116,'Dr. Wyatt Ullrich','Lebsack',1987,'Nutricionista','2015-03-10',3100,NULL,'2022-11-28 04:02:15','2022-11-28 04:02:15',3),(117,'Dr. Michael Sporer PhD','Bashirian',1987,'Nutricionista','1977-08-07',3100,NULL,'2022-11-28 04:02:15','2022-11-28 04:02:15',3),(118,'Karson Terry','Ernser',2000,'Nutricionista','1989-02-20',3100,NULL,'2022-11-28 04:02:15','2022-11-28 04:02:15',3),(119,'Dortha Dare','Hansen',1989,'Nutricionista','2018-07-25',3100,NULL,'2022-11-28 04:02:15','2022-11-28 04:02:15',3),(120,'Lexus Ratke','Hilpert',1994,'Nutricionista','1994-09-16',3100,NULL,'2022-11-28 04:02:15','2022-11-28 04:02:15',3),(121,'Dr. Kamron Gutmann II','Ebert',1995,'Nutricionista','2001-03-28',3100,NULL,'2022-11-28 04:02:15','2022-11-28 04:02:15',3),(122,'Dr. Eugene Keebler Jr.','Ortiz',1986,'Nutricionista','2006-01-27',3100,NULL,'2022-11-28 04:02:15','2022-11-28 04:02:15',3),(123,'Prof. Abbie Gleichner MD','Schneider',2019,'Nutricionista','1998-10-12',3100,NULL,'2022-11-28 04:02:15','2022-11-28 04:02:15',3),(124,'Roy Denesik','Mitchell',1989,'Nutricionista','2017-12-20',3100,NULL,'2022-11-28 04:02:15','2022-11-28 04:02:15',3),(125,'Clemmie Wisozk','Cole',1982,'Nutricionista','1980-02-18',3100,NULL,'2022-11-28 04:02:15','2022-11-28 04:02:15',3),(126,'Dr. Armand Champlin','Batz',1990,'Nutricionista','1976-03-07',3100,NULL,'2022-11-28 04:02:15','2022-11-28 04:02:15',3),(127,'Brown Predovic','Mertz',2004,'Nutricionista','1988-06-23',3100,NULL,'2022-11-28 04:02:15','2022-11-28 04:02:15',3),(128,'Mrs. Vernie Nicolas DVM','Goodwin',1996,'Nutricionista','1991-03-02',3100,NULL,'2022-11-28 04:02:15','2022-11-28 04:02:15',3),(129,'Miss Elizabeth Pfeffer','Osinski',2004,'Nutricionista','2000-11-12',3280,NULL,'2022-11-28 04:02:15','2022-11-28 04:02:15',3),(130,'Mr. Ryley Goodwin','Wehner',2007,'Nutricionista','2014-06-04',3280,NULL,'2022-11-28 04:02:15','2022-11-28 04:02:15',3),(131,'Mr. Forrest Farrell','Lind',1992,'Nutricionista','1988-10-21',3280,NULL,'2022-11-28 04:02:15','2022-11-28 04:02:15',3),(132,'Arne Becker','Rohan',1994,'Nutricionista','1981-11-29',3280,NULL,'2022-11-28 04:02:15','2022-11-28 04:02:15',3),(133,'Mr. Chad Morar','Hettinger',2014,'Nutricionista','1976-05-07',3280,NULL,'2022-11-28 04:02:15','2022-11-28 04:02:15',3),(134,'Prof. Lorna Huel III','Hahn',2021,'Nutricionista','2014-07-19',3280,NULL,'2022-11-28 04:02:16','2022-11-28 04:02:16',3),(135,'Miss Zoie Monahan III','Kohler',2004,'Nutricionista','2011-06-02',3280,NULL,'2022-11-28 04:02:16','2022-11-28 04:02:16',3),(136,'Mayra Aufderhar II','Barrows',2015,'Nutricionista','2016-03-12',3180,NULL,'2022-11-28 04:02:16','2022-11-28 04:02:16',3),(137,'Maud Herman','Rohan',2003,'Nutricionista','2019-12-05',3180,NULL,'2022-11-28 04:02:16','2022-11-28 04:02:16',3),(138,'Timmothy Baumbach','Bradtke',1972,'Nutricionista','1996-05-15',3180,NULL,'2022-11-28 04:02:16','2022-11-28 04:02:16',3),(139,'Patience Friesen','Lockman',1987,'Nutricionista','2016-02-02',3180,NULL,'2022-11-28 04:02:16','2022-11-28 04:02:16',3),(140,'Charity Bashirian','Keeling',2013,'Nutricionista','1971-09-06',3180,NULL,'2022-11-28 04:02:16','2022-11-28 04:02:16',3),(141,'Prof. Gaetano Aufderhar DVM','Dickens',1971,'Nutricionista','1979-09-10',3180,NULL,'2022-11-28 04:02:16','2022-11-28 04:02:16',3),(142,'Kyler Reilly','Gorczany',1976,'Nutricionista','1977-05-21',3180,NULL,'2022-11-28 04:02:16','2022-11-28 04:02:16',3),(143,'Prof. Brooks Torphy MD','Wolff',2012,'Nutricionista','1990-01-25',3180,NULL,'2022-11-28 04:02:16','2022-11-28 04:02:16',3),(144,'Dr. Edwardo Russel','Rodriguez',1983,'Nutricionista','1977-08-09',3180,NULL,'2022-11-28 04:02:16','2022-11-28 04:02:16',3),(145,'Ms. Jordane Jerde MD','Pollich',2013,'Nutricionista','1987-01-14',3180,NULL,'2022-11-28 04:02:16','2022-11-28 04:02:16',3),(146,'Kimberly Wolf','Cummerata',1973,'Nutricionista','1970-01-24',3180,NULL,'2022-11-28 04:02:16','2022-11-28 04:02:16',3),(147,'Abe Toy Sr.','Bernhard',2002,'Nutricionista','1981-04-14',3250,NULL,'2022-11-28 04:02:16','2022-11-28 04:02:16',3),(148,'Gus Batz','Rath',1999,'Nutricionista','1990-03-06',3250,NULL,'2022-11-28 04:02:16','2022-11-28 04:02:16',3),(149,'Ms. Mary Bernhard IV','Hayes',1984,'Nutricionista','1974-05-10',3250,NULL,'2022-11-28 04:02:16','2022-11-28 04:02:16',3),(150,'Vella Schuppe','Yundt',1972,'Nutricionista','1992-12-14',3250,NULL,'2022-11-28 04:02:16','2022-11-28 04:02:16',3),(151,'Onie Spencer','Murazik',2007,'Nutricionista','1972-04-24',3250,NULL,'2022-11-28 04:02:16','2022-11-28 04:02:16',3),(152,'Dorian Baumbach','Herzog',2008,'Nutricionista','1996-10-17',3250,NULL,'2022-11-28 04:02:16','2022-11-28 04:02:16',3),(153,'Nolan Shields','Streich',2000,'Nutricionista','2020-12-08',3250,NULL,'2022-11-28 04:02:16','2022-11-28 04:02:16',3),(154,'Lester Kunde','Braun',1983,'Nutricionista','1970-12-25',3250,NULL,'2022-11-28 04:02:16','2022-11-28 04:02:16',3),(155,'Prof. Amalia Prohaska','O\'Connell',2011,'Nutricionista','1997-03-02',3250,NULL,'2022-11-28 04:02:16','2022-11-28 04:02:16',3),(156,'Roger Champlin','Spencer',2000,'Nutricionista','1988-02-05',3250,NULL,'2022-11-28 04:02:16','2022-11-28 04:02:16',3),(157,'Turner Miller','Stamm',2007,'Nutricionista','1979-04-06',3100,NULL,'2022-11-28 04:02:16','2022-11-28 04:02:16',3),(158,'Jovani Schuppe DDS','Anderson',2001,'Nutricionista','2012-05-11',3100,NULL,'2022-11-28 04:02:16','2022-11-28 04:02:16',3),(159,'Clay Mohr','Conroy',2004,'Nutricionista','1996-09-21',3100,NULL,'2022-11-28 04:02:16','2022-11-28 04:02:16',3),(160,'Elenora Jacobi','Emmerich',2005,'Nutricionista','2003-02-19',3100,NULL,'2022-11-28 04:02:16','2022-11-28 04:02:16',3),(161,'Prof. Sylvester Weber Jr.','Upton',1995,'Nutricionista','2020-05-12',3100,NULL,'2022-11-28 04:02:16','2022-11-28 04:02:16',3),(162,'Marlene Okuneva','Lind',1975,'Nutricionista','2003-11-16',3100,NULL,'2022-11-28 04:02:16','2022-11-28 04:02:16',3),(163,'Prince Adams','Barton',2001,'Nutricionista','1987-10-24',3100,NULL,'2022-11-28 04:02:16','2022-11-28 04:02:16',3),(164,'Noemi Upton','Kuhlman',1991,'Nutricionista','1983-12-08',3100,NULL,'2022-11-28 04:02:16','2022-11-28 04:02:16',3),(165,'Kayla Deckow','Gulgowski',2003,'Nutricionista','2022-06-19',3180,NULL,'2022-11-28 04:02:16','2022-11-28 04:02:16',3),(166,'Stanford Altenwerth','Champlin',1983,'Nutricionista','2018-05-22',3180,NULL,'2022-11-28 04:02:16','2022-11-28 04:02:16',3),(167,'Nyasia Grimes','Schultz',2001,'Nutricionista','1994-03-16',3180,NULL,'2022-11-28 04:02:16','2022-11-28 04:02:16',3),(168,'Gus Eichmann','D\'Amore',1992,'Nutricionista','1992-11-29',3180,NULL,'2022-11-28 04:02:16','2022-11-28 04:02:16',3),(169,'Adrien Nicolas','O\'Keefe',1988,'Nutricionista','2008-08-31',3180,NULL,'2022-11-28 04:02:16','2022-11-28 04:02:16',3),(170,'Mona Kutch','Powlowski',1993,'Nutricionista','2004-07-23',3180,NULL,'2022-11-28 04:02:16','2022-11-28 04:02:16',3),(171,'Henriette Pfannerstill','Morar',2006,'Psicología','1980-02-14',1200,NULL,'2022-11-28 04:02:16','2022-11-28 04:02:16',4),(172,'Linnie Nicolas','Erdman',1992,'Psicología','1990-09-23',1200,NULL,'2022-11-28 04:02:16','2022-11-28 04:02:16',4),(173,'Mr. Lexus Rice','Schimmel',1972,'Psicología','2001-02-20',1200,NULL,'2022-11-28 04:02:16','2022-11-28 04:02:16',4),(174,'Mr. Gillian Adams Jr.','Stokes',1988,'Psicología','1975-10-02',1200,NULL,'2022-11-28 04:02:16','2022-11-28 04:02:16',4),(175,'Jarod Towne','Schroeder',1972,'Psicología','1973-08-08',1200,NULL,'2022-11-28 04:02:16','2022-11-28 04:02:16',4),(176,'Casimir Witting','Gleichner',2001,'Psicología','1970-08-23',1200,NULL,'2022-11-28 04:02:16','2022-11-28 04:02:16',4),(177,'Sabryna O\'Keefe','Mraz',1980,'Psicología','2002-02-05',1200,NULL,'2022-11-28 04:02:16','2022-11-28 04:02:16',4),(178,'Mrs. Orpha Hintz I','Ryan',1994,'Psicología','1987-10-22',1200,NULL,'2022-11-28 04:02:16','2022-11-28 04:02:16',4),(179,'Vilma Kihn','Moore',1988,'Psicología','2022-01-11',1200,NULL,'2022-11-28 04:02:16','2022-11-28 04:02:16',4),(180,'Erick Carter','Willms',2018,'Psicología','1991-02-23',1200,NULL,'2022-11-28 04:02:16','2022-11-28 04:02:16',4),(181,'Gilda Herzog DVM','Gerlach',2020,'Psicología','1972-04-24',1200,NULL,'2022-11-28 04:02:16','2022-11-28 04:02:16',4),(182,'Jessika Jenkins','Stroman',2019,'Psicología','1971-10-11',1200,NULL,'2022-11-28 04:02:16','2022-11-28 04:02:16',4),(183,'Ansley McCullough','Schultz',2021,'Psicología','2001-03-25',1200,NULL,'2022-11-28 04:02:16','2022-11-28 04:02:16',4),(184,'Toney Parisian','Cassin',1974,'Psicología','1982-12-15',1200,NULL,'2022-11-28 04:02:16','2022-11-28 04:02:16',4),(185,'Lilly Little','Ruecker',2001,'Psicología','2006-05-22',1250,NULL,'2022-11-28 04:02:16','2022-11-28 04:02:16',4),(186,'Dr. Okey Braun PhD','Lueilwitz',2002,'Psicología','1973-07-17',1250,NULL,'2022-11-28 04:02:16','2022-11-28 04:02:16',4),(187,'Kaia Dare','Dietrich',1984,'Psicología','2014-03-20',1250,NULL,'2022-11-28 04:02:16','2022-11-28 04:02:16',4),(188,'Schuyler Boyer','Wiegand',1978,'Psicología','1984-10-21',1250,NULL,'2022-11-28 04:02:16','2022-11-28 04:02:16',4),(189,'Madilyn Schimmel','Medhurst',1971,'Psicología','1981-11-25',1250,NULL,'2022-11-28 04:02:16','2022-11-28 04:02:16',4),(190,'Katelin Mayert','Roob',1975,'Psicología','1980-08-24',1250,NULL,'2022-11-28 04:02:16','2022-11-28 04:02:16',4),(191,'Kariane Wilderman','DuBuque',2014,'Psicología','2019-08-23',1230,NULL,'2022-11-28 04:02:16','2022-11-28 04:02:16',4),(192,'Lafayette Von','Corwin',1998,'Psicología','1995-09-14',1230,NULL,'2022-11-28 04:02:16','2022-11-28 04:02:16',4),(193,'Oswaldo Cummings','Christiansen',2001,'Psicología','2012-11-07',1230,NULL,'2022-11-28 04:02:16','2022-11-28 04:02:16',4),(194,'Dorian Breitenberg','Balistreri',1986,'Psicología','2008-02-25',1230,NULL,'2022-11-28 04:02:16','2022-11-28 04:02:16',4),(195,'Sharon Jakubowski','Kris',1983,'Psicología','2007-08-13',1230,NULL,'2022-11-28 04:02:16','2022-11-28 04:02:16',4),(196,'Golda Miller','Nicolas',1985,'Psicología','2010-01-13',1230,NULL,'2022-11-28 04:02:16','2022-11-28 04:02:16',4),(197,'Bradly Bradtke','Rogahn',2009,'Psicología','1983-04-18',1230,NULL,'2022-11-28 04:02:16','2022-11-28 04:02:16',4),(198,'Miss Mazie Stark','Strosin',2012,'Psicología','2018-04-24',1230,NULL,'2022-11-28 04:02:16','2022-11-28 04:02:16',4),(199,'Mr. Trent Gutmann Sr.','Blanda',1997,'Psicología','2015-10-02',1230,NULL,'2022-11-28 04:02:16','2022-11-28 04:02:16',4),(200,'Dr. Paxton Pagac MD','Steuber',1994,'Psicología','1980-09-19',1230,NULL,'2022-11-28 04:02:16','2022-11-28 04:02:16',4),(201,'Hudson Champlin','Rodriguez',1989,'Psicología','1998-09-11',1230,NULL,'2022-11-28 04:02:16','2022-11-28 04:02:16',4),(202,'Ms. Maida Greenholt I','Emmerich',1973,'Psicología','2011-08-31',1230,NULL,'2022-11-28 04:02:16','2022-11-28 04:02:16',4),(203,'Nathaniel Feest','O\'Reilly',1994,'Psicología','2001-06-16',1230,NULL,'2022-11-28 04:02:16','2022-11-28 04:02:16',4),(204,'Andrew Homenick PhD','Pollich',1984,'Psicología','1992-09-16',1230,NULL,'2022-11-28 04:02:16','2022-11-28 04:02:16',4),(205,'Emery Crona','Prosacco',2014,'Psicología','2007-01-20',1230,NULL,'2022-11-28 04:02:16','2022-11-28 04:02:16',4),(206,'Mr. Darian Cassin','Stehr',1984,'Psicología','1992-02-13',1230,NULL,'2022-11-28 04:02:16','2022-11-28 04:02:16',4),(207,'Gaetano Rodriguez','Volkman',1990,'Psicología','1992-09-14',1230,NULL,'2022-11-28 04:02:16','2022-11-28 04:02:16',4),(208,'Korbin Strosin Jr.','Hilpert',1998,'Psicología','2013-02-18',1230,NULL,'2022-11-28 04:02:16','2022-11-28 04:02:16',4),(209,'Sabryna Grant','Goyette',2002,'Psicología','1982-12-17',1230,NULL,'2022-11-28 04:02:16','2022-11-28 04:02:16',4),(210,'Juston Paucek','Schumm',2009,'Psicología','1983-04-12',1230,NULL,'2022-11-28 04:02:16','2022-11-28 04:02:16',4),(211,'Noemy Weissnat IV','Ebert',1999,'Psicología','1978-12-07',1235,NULL,'2022-11-28 04:02:16','2022-11-28 04:02:16',4),(212,'Lonny McKenzie','Reynolds',1977,'Psicología','2018-01-01',1235,NULL,'2022-11-28 04:02:16','2022-11-28 04:02:16',4),(213,'Fleta Pollich','Volkman',1973,'Psicología','2019-09-09',1235,NULL,'2022-11-28 04:02:16','2022-11-28 04:02:16',4),(214,'Garnett Lueilwitz','Grimes',1984,'Psicología','1975-11-22',1235,NULL,'2022-11-28 04:02:16','2022-11-28 04:02:16',4),(215,'Prof. Cruz Bergnaum Jr.','Crona',1986,'Psicología','1972-05-02',1235,NULL,'2022-11-28 04:02:16','2022-11-28 04:02:16',4),(216,'Pattie Dibbert','Friesen',1997,'Psicología','1996-03-12',1235,NULL,'2022-11-28 04:02:16','2022-11-28 04:02:16',4),(217,'Mr. Kristofer Mills','Cormier',2019,'Psicología','1992-02-14',1235,NULL,'2022-11-28 04:02:16','2022-11-28 04:02:16',4),(218,'Connor Stamm','Connelly',2004,'Psicología','1993-01-20',1235,NULL,'2022-11-28 04:02:16','2022-11-28 04:02:16',4),(219,'Dr. Barbara Orn','Durgan',2012,'Psicología','1973-11-05',1235,NULL,'2022-11-28 04:02:16','2022-11-28 04:02:16',4),(220,'Lew Schneider IV','Von',2020,'Psicología','2017-08-10',1235,NULL,'2022-11-28 04:02:16','2022-11-28 04:02:16',4),(221,'Aurelia Eichmann','Mayert',1977,'Psicología','2012-01-09',1235,NULL,'2022-11-28 04:02:16','2022-11-28 04:02:16',4),(222,'Harold Powlowski','Schaden',1971,'Psicología','2010-09-28',1235,NULL,'2022-11-28 04:02:16','2022-11-28 04:02:16',4),(223,'Terrance Sawayn','Hamill',2013,'Psicología','1998-11-28',1235,NULL,'2022-11-28 04:02:16','2022-11-28 04:02:16',4),(224,'Dr. Linwood Beier PhD','Hayes',2019,'Psicología','2018-01-08',1235,NULL,'2022-11-28 04:02:16','2022-11-28 04:02:16',4),(225,'Johathan Trantow','Parker',2004,'Psicología','1998-02-01',1235,NULL,'2022-11-28 04:02:16','2022-11-28 04:02:16',4),(226,'Helen Dickinson','Fadel',1994,'Psicología','1982-02-18',1235,NULL,'2022-11-28 04:02:16','2022-11-28 04:02:16',4),(227,'Blake Wolff','Sawayn',1977,'Psicología','1974-03-15',1235,NULL,'2022-11-28 04:02:16','2022-11-28 04:02:16',4),(228,'Xzavier Bayer','Frami',2012,'Psicología','2018-08-20',1235,NULL,'2022-11-28 04:02:16','2022-11-28 04:02:16',4),(229,'Herbert Zboncak','Mueller',1984,'Psicología','1992-06-09',1235,NULL,'2022-11-28 04:02:16','2022-11-28 04:02:16',4),(230,'Ms. Ruth Russel DVM','Stroman',2008,'Psicología','1980-08-23',1235,NULL,'2022-11-28 04:02:16','2022-11-28 04:02:16',4),(231,'Dr. Theo Schumm IV','Hamill',1986,'Psicología','1999-08-26',1235,NULL,'2022-11-28 04:02:16','2022-11-28 04:02:16',4),(232,'Estefania Maggio','Kohler',1995,'Psicología','2019-03-06',1235,NULL,'2022-11-28 04:02:16','2022-11-28 04:02:16',4),(233,'Monica Ledner','Beier',1998,'Psicología','2005-02-28',1235,NULL,'2022-11-28 04:02:16','2022-11-28 04:02:16',4),(234,'Braulio Collier','Ritchie',1983,'Psicología','2019-12-29',1235,NULL,'2022-11-28 04:02:16','2022-11-28 04:02:16',4),(235,'Harold Sipes','Lehner',1981,'Psicología','1989-03-29',1235,NULL,'2022-11-28 04:02:16','2022-11-28 04:02:16',4),(236,'Hanna Pouros','Wolf',2016,'Psicología','2019-04-11',1235,NULL,'2022-11-28 04:02:16','2022-11-28 04:02:16',4),(237,'Roy Murray','Cassin',1972,'Psicología','1986-07-10',1235,NULL,'2022-11-28 04:02:16','2022-11-28 04:02:16',4),(238,'Elliot Kemmer','Klocko',1985,'Psicología','2009-10-21',1235,NULL,'2022-11-28 04:02:16','2022-11-28 04:02:16',4),(239,'Ora Bins','Gislason',2009,'Psicología','2022-04-17',1235,NULL,'2022-11-28 04:02:16','2022-11-28 04:02:16',4),(240,'Prof. Caesar Little','Bednar',2005,'Psicología','1973-05-14',1235,NULL,'2022-11-28 04:02:16','2022-11-28 04:02:16',4),(241,'Lisette Leffler','Upton',1999,'Psicología','1976-03-19',1235,NULL,'2022-11-28 04:02:16','2022-11-28 04:02:16',4),(242,'Maye Effertz','White',2013,'Psicología','1972-02-14',1235,NULL,'2022-11-28 04:02:16','2022-11-28 04:02:16',4),(243,'Kaylee Reynolds','Brown',2005,'Psicología','2000-10-18',1235,NULL,'2022-11-28 04:02:16','2022-11-28 04:02:16',4),(244,'Ona Treutel IV','Stiedemann',1990,'Psicología','1992-10-14',1235,NULL,'2022-11-28 04:02:16','2022-11-28 04:02:16',4),(245,'Prof. Dejon Marquardt','Purdy',1975,'Psicología','1995-07-03',1235,NULL,'2022-11-28 04:02:16','2022-11-28 04:02:16',4),(246,'Dr. Buddy Rowe IV','Rohan',1996,'Psicología','2010-12-06',1235,NULL,'2022-11-28 04:02:16','2022-11-28 04:02:16',4),(247,'Ms. Lizzie Hessel','Vandervort',1991,'Psicología','1972-04-15',1235,NULL,'2022-11-28 04:02:16','2022-11-28 04:02:16',4),(248,'Miss Erna Smith II','Larson',2010,'Psicología','2012-01-17',1235,NULL,'2022-11-28 04:02:16','2022-11-28 04:02:16',4),(249,'Mr. Tremayne Kulas Sr.','Hyatt',1986,'Psicología','1972-05-04',1235,NULL,'2022-11-28 04:02:16','2022-11-28 04:02:16',4),(250,'Fleta King','Hansen',1990,'Psicología','1973-02-22',1235,NULL,'2022-11-28 04:02:16','2022-11-28 04:02:16',4),(251,'Ashlynn Batz II','Toy',1999,'Psicología','1981-08-04',1235,NULL,'2022-11-28 04:02:16','2022-11-28 04:02:16',4),(252,'Stevie Mayert','Gleichner',2014,'Psicología','2020-07-19',1235,NULL,'2022-11-28 04:02:16','2022-11-28 04:02:16',4),(253,'Dr. Felicita Dare','Hirthe',2017,'Psicología','1982-01-29',1235,NULL,'2022-11-28 04:02:16','2022-11-28 04:02:16',4),(254,'Conner Cummings','Koepp',1999,'Psicología','1987-01-11',1235,NULL,'2022-11-28 04:02:16','2022-11-28 04:02:16',4),(255,'Giles Renner MD','Gerhold',2001,'Psicología','1984-12-16',1235,NULL,'2022-11-28 04:02:16','2022-11-28 04:02:16',4),(256,'Miss Domenica Ratke V','Langosh',2010,'Psicología','2015-11-09',1235,NULL,'2022-11-28 04:02:16','2022-11-28 04:02:16',4),(257,'Orval Erdman','Kuvalis',1975,'Psicología','1997-09-30',1235,NULL,'2022-11-28 04:02:16','2022-11-28 04:02:16',4),(258,'Dr. Jedediah Jacobs III','Moore',2003,'Psicología','2002-01-29',1235,NULL,'2022-11-28 04:02:16','2022-11-28 04:02:16',4),(259,'Mrs. Shemar Pfeffer DDS','Koelpin',1993,'Psicología','1971-09-11',1235,NULL,'2022-11-28 04:02:16','2022-11-28 04:02:16',4),(260,'Prof. Lonny Ritchie II','Hand',2020,'Psicología','1985-06-07',1235,NULL,'2022-11-28 04:02:16','2022-11-28 04:02:16',4),(261,'Mr. Nicola Medhurst IV','Bauch',2017,'Veterinaria','1987-03-20',2500,NULL,'2022-11-28 04:02:16','2022-11-28 04:02:16',5),(262,'Esperanza Schmeler','Crooks',2016,'Veterinaria','1983-11-19',2500,NULL,'2022-11-28 04:02:16','2022-11-28 04:02:16',5),(263,'Dagmar Schowalter','Gerhold',2020,'Veterinaria','2020-05-16',2500,NULL,'2022-11-28 04:02:16','2022-11-28 04:02:16',5),(264,'Thomas Kohler','Feest',1999,'Veterinaria','1995-10-18',2500,NULL,'2022-11-28 04:02:16','2022-11-28 04:02:16',5),(265,'Mortimer Johns','Paucek',2011,'Veterinaria','1999-07-17',2500,NULL,'2022-11-28 04:02:16','2022-11-28 04:02:16',5),(266,'Dr. Joshua Dare III','Lubowitz',2013,'Veterinaria','1996-01-17',2500,NULL,'2022-11-28 04:02:16','2022-11-28 04:02:16',5),(267,'Elinor Ferry Jr.','Koch',2009,'Veterinaria','1993-03-25',2500,NULL,'2022-11-28 04:02:16','2022-11-28 04:02:16',5),(268,'Daisy Hirthe','Lakin',2014,'Veterinaria','1985-05-22',2500,NULL,'2022-11-28 04:02:16','2022-11-28 04:02:16',5),(269,'Jaqueline Macejkovic','Schmitt',1999,'Veterinaria','1987-12-15',2500,NULL,'2022-11-28 04:02:16','2022-11-28 04:02:16',5),(270,'Graham Lueilwitz','Littel',1976,'Veterinaria','1990-09-24',2500,NULL,'2022-11-28 04:02:16','2022-11-28 04:02:16',5),(271,'Georgianna Langworth','Schamberger',1977,'Veterinaria','1997-05-05',2600,NULL,'2022-11-28 04:02:16','2022-11-28 04:02:16',5),(272,'Hank Volkman','Mertz',2010,'Veterinaria','1978-06-20',2600,NULL,'2022-11-28 04:02:16','2022-11-28 04:02:16',5),(273,'Tevin Jakubowski','Schuster',1997,'Veterinaria','1973-08-31',2600,NULL,'2022-11-28 04:02:16','2022-11-28 04:02:16',5),(274,'Mr. Joany Hudson II','Walker',1998,'Veterinaria','2003-09-28',2600,NULL,'2022-11-28 04:02:16','2022-11-28 04:02:16',5),(275,'Blake Murazik','Beer',1975,'Veterinaria','2020-12-28',2600,NULL,'2022-11-28 04:02:16','2022-11-28 04:02:16',5),(276,'Tess Kertzmann','Barrows',1996,'Veterinaria','1971-05-23',2600,NULL,'2022-11-28 04:02:16','2022-11-28 04:02:16',5),(277,'Prof. Brionna Powlowski','Rodriguez',1999,'Veterinaria','1973-02-06',2600,NULL,'2022-11-28 04:02:16','2022-11-28 04:02:16',5),(278,'Jarvis Walsh','Brakus',1972,'Veterinaria','1980-07-29',2600,NULL,'2022-11-28 04:02:16','2022-11-28 04:02:16',5),(279,'Maynard Graham','Welch',1987,'Veterinaria','2007-04-19',2600,NULL,'2022-11-28 04:02:16','2022-11-28 04:02:16',5),(280,'Kendall Ernser','Rowe',2009,'Veterinaria','2018-04-11',2600,NULL,'2022-11-28 04:02:16','2022-11-28 04:02:16',5),(281,'Orpha Ratke','VonRueden',1971,'Veterinaria','2019-09-03',2500,NULL,'2022-11-28 04:02:16','2022-11-28 04:02:16',5),(282,'Olin Eichmann','McCullough',1994,'Veterinaria','2006-07-25',2500,NULL,'2022-11-28 04:02:16','2022-11-28 04:02:16',5),(283,'Natalie O\'Kon','Ruecker',1996,'Veterinaria','1983-04-09',2500,NULL,'2022-11-28 04:02:16','2022-11-28 04:02:16',5),(284,'Rhett Jerde','Ondricka',2002,'Veterinaria','1990-11-15',2500,NULL,'2022-11-28 04:02:16','2022-11-28 04:02:16',5),(285,'Jarret Hartmann','Stehr',1980,'Veterinaria','2005-11-24',2500,NULL,'2022-11-28 04:02:16','2022-11-28 04:02:16',5),(286,'Mr. Alexie Wyman','Price',2000,'Veterinaria','2006-11-28',2500,NULL,'2022-11-28 04:02:16','2022-11-28 04:02:16',5),(287,'Kasey Kling','Effertz',2003,'Veterinaria','2016-04-20',2500,NULL,'2022-11-28 04:02:16','2022-11-28 04:02:16',5),(288,'Myrna Leffler','Cassin',1974,'Veterinaria','2022-09-18',2500,NULL,'2022-11-28 04:02:16','2022-11-28 04:02:16',5),(289,'Kayleigh Kirlin','Huel',2020,'Veterinaria','2005-07-14',2500,NULL,'2022-11-28 04:02:16','2022-11-28 04:02:16',5),(290,'Joanie Hamill','Fadel',2007,'Veterinaria','2013-12-25',2500,NULL,'2022-11-28 04:02:16','2022-11-28 04:02:16',5),(291,'Taryn Pfeffer III','Tremblay',1991,'Veterinaria','1980-08-16',2500,NULL,'2022-11-28 04:02:16','2022-11-28 04:02:16',5),(292,'Jett Mraz','Kautzer',1988,'Veterinaria','1976-06-07',2500,NULL,'2022-11-28 04:02:16','2022-11-28 04:02:16',5),(293,'Roselyn Willms','Keebler',2002,'Veterinaria','1975-07-30',2500,NULL,'2022-11-28 04:02:16','2022-11-28 04:02:16',5),(294,'Libbie Dare III','Rice',1996,'Veterinaria','1986-07-03',2500,NULL,'2022-11-28 04:02:16','2022-11-28 04:02:16',5),(295,'Cora Feest','Kris',1995,'Veterinaria','2016-09-03',2500,NULL,'2022-11-28 04:02:16','2022-11-28 04:02:16',5),(296,'Anna Johnston MD','Grant',1972,'Veterinaria','1970-04-20',2500,NULL,'2022-11-28 04:02:16','2022-11-28 04:02:16',5),(297,'Ceasar Stiedemann','Walsh',1987,'Veterinaria','1971-06-02',2500,NULL,'2022-11-28 04:02:16','2022-11-28 04:02:16',5),(298,'Ms. Audra Ondricka DDS','Moore',1970,'Veterinaria','1987-03-15',2500,NULL,'2022-11-28 04:02:16','2022-11-28 04:02:16',5),(299,'Barton Champlin','Keebler',1985,'Veterinaria','1992-04-28',2500,NULL,'2022-11-28 04:02:16','2022-11-28 04:02:16',5),(300,'Dr. Micah Osinski Sr.','Jakubowski',1975,'Veterinaria','2013-10-04',2500,NULL,'2022-11-28 04:02:16','2022-11-28 04:02:16',5),(301,'Kenny Skiles','Hills',2009,'Veterinaria','1978-05-11',2550,NULL,'2022-11-28 04:02:16','2022-11-28 04:02:16',5),(302,'Alvina Herman','Rolfson',2013,'Veterinaria','2016-02-26',2550,NULL,'2022-11-28 04:02:16','2022-11-28 04:02:16',5),(303,'Dr. Devin Shields DDS','Bernhard',2001,'Veterinaria','1988-11-17',2550,NULL,'2022-11-28 04:02:16','2022-11-28 04:02:16',5),(304,'Blake Ebert','Littel',2018,'Veterinaria','1994-06-07',2550,NULL,'2022-11-28 04:02:16','2022-11-28 04:02:16',5),(305,'Prof. Hipolito Ullrich','Daugherty',1984,'Veterinaria','1977-01-18',2550,NULL,'2022-11-28 04:02:16','2022-11-28 04:02:16',5),(306,'Kristin Gleason','Sawayn',1991,'Veterinaria','1974-12-30',2550,NULL,'2022-11-28 04:02:16','2022-11-28 04:02:16',5),(307,'Mrs. Tanya Kuhn','Wyman',1996,'Veterinaria','2022-11-16',2550,NULL,'2022-11-28 04:02:16','2022-11-28 04:02:16',5),(308,'Harmony Schamberger','Kunde',2001,'Veterinaria','1984-10-11',2550,NULL,'2022-11-28 04:02:16','2022-11-28 04:02:16',5),(309,'Mrs. Daisha Sporer MD','Lebsack',1991,'Veterinaria','2005-11-11',2550,NULL,'2022-11-28 04:02:16','2022-11-28 04:02:16',5),(310,'Allie Cummerata','Swift',1987,'Veterinaria','1982-02-25',2550,NULL,'2022-11-28 04:02:16','2022-11-28 04:02:16',5),(311,'Macy Thompson','Lesch',1992,'Veterinaria','2005-05-23',2650,NULL,'2022-11-28 04:02:16','2022-11-28 04:02:16',5),(312,'Mrs. Brisa Jast','Orn',2017,'Veterinaria','1981-09-28',2650,NULL,'2022-11-28 04:02:16','2022-11-28 04:02:16',5),(313,'Victor Predovic','Thiel',1980,'Veterinaria','1990-05-04',2650,NULL,'2022-11-28 04:02:16','2022-11-28 04:02:16',5),(314,'Dr. Giuseppe Corwin','Gorczany',2014,'Veterinaria','2010-02-28',2650,NULL,'2022-11-28 04:02:16','2022-11-28 04:02:16',5),(315,'Cale Bernier','Thompson',2008,'Veterinaria','1985-04-06',2650,NULL,'2022-11-28 04:02:16','2022-11-28 04:02:16',5),(316,'Brittany Hudson','Volkman',1976,'Veterinaria','1986-05-07',2650,NULL,'2022-11-28 04:02:16','2022-11-28 04:02:16',5),(317,'Clint Rippin','Bauch',1970,'Veterinaria','1986-12-16',2650,NULL,'2022-11-28 04:02:16','2022-11-28 04:02:16',5),(318,'Brennon Nienow','Casper',2020,'Veterinaria','1973-12-23',2650,NULL,'2022-11-28 04:02:16','2022-11-28 04:02:16',5),(319,'Skyla Robel','Lebsack',2001,'Veterinaria','2001-07-18',2650,NULL,'2022-11-28 04:02:16','2022-11-28 04:02:16',5),(320,'Mrs. Jana Sanford','Jenkins',1974,'Veterinaria','1985-03-08',2650,NULL,'2022-11-28 04:02:16','2022-11-28 04:02:16',5),(321,'Mr. Orval Goodwin MD','Wehner',2021,'Veterinaria','1995-08-06',2550,NULL,'2022-11-28 04:02:16','2022-11-28 04:02:16',5),(322,'Wyman Kub','Koepp',1992,'Veterinaria','1991-05-23',2550,NULL,'2022-11-28 04:02:16','2022-11-28 04:02:16',5),(323,'Shanon Olson','Bins',2009,'Veterinaria','1997-08-12',2550,NULL,'2022-11-28 04:02:16','2022-11-28 04:02:16',5),(324,'Dr. Marquise Zulauf DDS','Marks',2018,'Veterinaria','1981-10-13',2550,NULL,'2022-11-28 04:02:16','2022-11-28 04:02:16',5),(325,'Dr. Cameron Huels','Weber',2012,'Veterinaria','2022-02-04',2550,NULL,'2022-11-28 04:02:16','2022-11-28 04:02:16',5),(326,'Prof. Mason Schuppe DVM','Emard',1994,'Veterinaria','2007-12-20',2550,NULL,'2022-11-28 04:02:16','2022-11-28 04:02:16',5),(327,'Mr. Mitchel Cormier III','Gaylord',1970,'Veterinaria','1994-11-06',2550,NULL,'2022-11-28 04:02:16','2022-11-28 04:02:16',5),(328,'Candace Toy IV','Heller',1978,'Veterinaria','1994-07-24',2550,NULL,'2022-11-28 04:02:16','2022-11-28 04:02:16',5),(329,'Valentin Moore','Walker',1999,'Veterinaria','2020-01-27',2550,NULL,'2022-11-28 04:02:16','2022-11-28 04:02:16',5),(330,'Winnifred Prosacco','Stark',1992,'Veterinaria','2019-01-14',2550,NULL,'2022-11-28 04:02:16','2022-11-28 04:02:16',5),(331,'Prof. Quentin Tillman','Hilpert',2010,'Veterinaria','2021-03-18',2450,NULL,'2022-11-28 04:02:16','2022-11-28 04:02:16',5),(332,'Prof. Nicola Durgan DVM','Keeling',2002,'Veterinaria','1974-06-24',2450,NULL,'2022-11-28 04:02:16','2022-11-28 04:02:16',5),(333,'Sid Stokes','Trantow',2015,'Veterinaria','2022-09-03',2450,NULL,'2022-11-28 04:02:16','2022-11-28 04:02:16',5),(334,'Roosevelt Haag','Heaney',1997,'Veterinaria','2021-08-16',2450,NULL,'2022-11-28 04:02:16','2022-11-28 04:02:16',5),(335,'Deangelo Heller PhD','Lueilwitz',2004,'Veterinaria','1974-10-23',2450,NULL,'2022-11-28 04:02:16','2022-11-28 04:02:16',5),(336,'Keanu Ledner','Kihn',2002,'Veterinaria','2019-07-07',2450,NULL,'2022-11-28 04:02:16','2022-11-28 04:02:16',5),(337,'Jana Hansen','Haag',2016,'Veterinaria','1980-09-13',2450,NULL,'2022-11-28 04:02:16','2022-11-28 04:02:16',5),(338,'Weldon Pfeffer','Dietrich',2003,'Veterinaria','1990-07-28',2450,NULL,'2022-11-28 04:02:16','2022-11-28 04:02:16',5),(339,'Javon Kihn','Schmidt',1997,'Veterinaria','1992-06-07',2450,NULL,'2022-11-28 04:02:16','2022-11-28 04:02:16',5),(340,'Adalberto Gerhold','Christiansen',2010,'Veterinaria','1994-10-23',2450,NULL,'2022-11-28 04:02:16','2022-11-28 04:02:16',5),(341,'Chad Stiedemann','Parker',1984,'Veterinaria','1971-06-23',2450,NULL,'2022-11-28 04:02:16','2022-11-28 04:02:16',5),(342,'Dr. Jovany Langosh','O\'Keefe',1974,'Veterinaria','2018-09-30',2450,NULL,'2022-11-28 04:02:16','2022-11-28 04:02:16',5),(343,'Dr. Geo Shanahan','Feil',2015,'Veterinaria','2015-07-31',2450,NULL,'2022-11-28 04:02:16','2022-11-28 04:02:16',5),(344,'Scottie Rowe PhD','Auer',2021,'Veterinaria','1999-03-21',2450,NULL,'2022-11-28 04:02:16','2022-11-28 04:02:16',5),(345,'Modesta Bayer','Morissette',1977,'Veterinaria','2002-08-15',2450,NULL,'2022-11-28 04:02:16','2022-11-28 04:02:16',5),(346,'Zoila Borer','Rutherford',1986,'Veterinaria','1982-09-24',2450,NULL,'2022-11-28 04:02:16','2022-11-28 04:02:16',5),(347,'Karine Greenholt','Macejkovic',1973,'Veterinaria','1999-08-03',2450,NULL,'2022-11-28 04:02:16','2022-11-28 04:02:16',5),(348,'Kailyn DuBuque','Gottlieb',2017,'Veterinaria','1980-08-04',2450,NULL,'2022-11-28 04:02:16','2022-11-28 04:02:16',5),(349,'Zack Kemmer','Wisoky',2016,'Veterinaria','2019-10-21',2450,NULL,'2022-11-28 04:02:16','2022-11-28 04:02:16',5),(350,'Armand Goyette','Weber',1982,'Veterinaria','1991-09-05',2450,NULL,'2022-11-28 04:02:16','2022-11-28 04:02:16',5),(351,'Mr. Ryann Brown I','Jaskolski',2012,'Odontología','1981-09-29',2250,NULL,'2022-11-28 04:02:16','2022-11-28 04:02:16',6),(352,'Jaylen Durgan','Klocko',1992,'Odontología','1997-07-22',2250,NULL,'2022-11-28 04:02:16','2022-11-28 04:02:16',6),(353,'Krystel Pagac','Hill',1988,'Odontología','1991-02-10',2250,NULL,'2022-11-28 04:02:16','2022-11-28 04:02:16',6),(354,'Malcolm Hickle','Leffler',2020,'Odontología','1970-10-09',2250,NULL,'2022-11-28 04:02:16','2022-11-28 04:02:16',6),(355,'Orval Lang','Batz',2003,'Odontología','1979-10-20',2250,NULL,'2022-11-28 04:02:16','2022-11-28 04:02:16',6),(356,'Mrs. Meredith Jacobi Jr.','Wiegand',1987,'Odontología','1980-07-05',2300,NULL,'2022-11-28 04:02:16','2022-11-28 04:02:16',6),(357,'Leopoldo Senger','Bergstrom',1971,'Odontología','1993-06-16',2300,NULL,'2022-11-28 04:02:16','2022-11-28 04:02:16',6),(358,'Letha Beahan','Connelly',2013,'Odontología','1979-05-24',2300,NULL,'2022-11-28 04:02:16','2022-11-28 04:02:16',6),(359,'Dr. Lina Kunde PhD','Schinner',1981,'Odontología','1999-04-26',2300,NULL,'2022-11-28 04:02:16','2022-11-28 04:02:16',6),(360,'Ms. Josianne Beahan','Strosin',2021,'Odontología','2004-10-15',2300,NULL,'2022-11-28 04:02:16','2022-11-28 04:02:16',6),(361,'Dr. Jan Powlowski','Kuphal',1974,'Odontología','1994-08-16',2300,NULL,'2022-11-28 04:02:16','2022-11-28 04:02:16',6),(362,'Taya Maggio','Hyatt',1998,'Odontología','2021-12-21',2300,NULL,'2022-11-28 04:02:16','2022-11-28 04:02:16',6),(363,'Halle Schmitt','Fritsch',2016,'Odontología','1998-05-10',2300,NULL,'2022-11-28 04:02:16','2022-11-28 04:02:16',6),(364,'Prof. Ed Vandervort III','Daniel',1984,'Odontología','2020-12-05',2300,NULL,'2022-11-28 04:02:16','2022-11-28 04:02:16',6),(365,'Katelynn Stokes','Roberts',1991,'Odontología','1985-11-06',2300,NULL,'2022-11-28 04:02:16','2022-11-28 04:02:16',6),(366,'Xzavier Johns','Bergnaum',1996,'Odontología','1980-10-05',2250,NULL,'2022-11-28 04:02:16','2022-11-28 04:02:16',6),(367,'Ms. Aurelia Buckridge','Medhurst',1992,'Odontología','1983-12-06',2250,NULL,'2022-11-28 04:02:16','2022-11-28 04:02:16',6),(368,'Mrs. Alexane Price','Rodriguez',2016,'Odontología','2003-07-02',2250,NULL,'2022-11-28 04:02:16','2022-11-28 04:02:16',6),(369,'Macy Auer','Volkman',2001,'Odontología','1986-10-08',2250,NULL,'2022-11-28 04:02:16','2022-11-28 04:02:16',6),(370,'Dr. Christian Hackett','Dach',1974,'Odontología','2018-04-02',2250,NULL,'2022-11-28 04:02:16','2022-11-28 04:02:16',6),(371,'Mr. Skye Ward IV','McGlynn',1983,'Odontología','1987-07-22',2250,NULL,'2022-11-28 04:02:16','2022-11-28 04:02:16',6),(372,'Vita Keeling','Ruecker',1989,'Odontología','1998-05-01',2250,NULL,'2022-11-28 04:02:16','2022-11-28 04:02:16',6),(373,'Adella Ferry','Lindgren',2011,'Odontología','2012-10-30',2250,NULL,'2022-11-28 04:02:16','2022-11-28 04:02:16',6),(374,'Prof. Deron Rosenbaum PhD','Spinka',2021,'Odontología','2006-12-01',2250,NULL,'2022-11-28 04:02:16','2022-11-28 04:02:16',6),(375,'Daisha Welch PhD','Romaguera',2000,'Odontología','1988-09-19',2250,NULL,'2022-11-28 04:02:16','2022-11-28 04:02:16',6),(376,'Rolando Cruickshank','Fadel',1979,'Odontología','1978-05-29',2275,NULL,'2022-11-28 04:02:16','2022-11-28 04:02:16',6),(377,'Mrs. Alexandria Haley','Funk',1981,'Odontología','2017-06-21',2275,NULL,'2022-11-28 04:02:16','2022-11-28 04:02:16',6),(378,'Roslyn Kub I','Deckow',2010,'Odontología','2019-09-07',2275,NULL,'2022-11-28 04:02:16','2022-11-28 04:02:16',6),(379,'Vena Greenfelder III','Padberg',1993,'Odontología','1997-09-18',2275,NULL,'2022-11-28 04:02:16','2022-11-28 04:02:16',6),(380,'Patrick Kuvalis','Konopelski',1990,'Odontología','1983-08-07',2275,NULL,'2022-11-28 04:02:16','2022-11-28 04:02:16',6),(381,'Elissa Turner','Swaniawski',2018,'Odontología','2016-10-26',2275,NULL,'2022-11-28 04:02:16','2022-11-28 04:02:16',6),(382,'Eve Dibbert DVM','Lemke',2019,'Odontología','2003-09-23',2275,NULL,'2022-11-28 04:02:16','2022-11-28 04:02:16',6),(383,'Dr. Jamie Douglas Jr.','Mraz',2012,'Odontología','2021-08-10',2275,NULL,'2022-11-28 04:02:16','2022-11-28 04:02:16',6),(384,'Agustin Crist','Cruickshank',1988,'Odontología','1996-07-05',2275,NULL,'2022-11-28 04:02:16','2022-11-28 04:02:16',6),(385,'Valentina Quigley V','Ratke',2014,'Odontología','1974-09-25',2275,NULL,'2022-11-28 04:02:16','2022-11-28 04:02:16',6),(386,'Brandy Medhurst','Brown',1997,'Odontología','1982-05-29',2200,NULL,'2022-11-28 04:02:16','2022-11-28 04:02:16',6),(387,'Dr. Alford Kautzer','Kemmer',1989,'Odontología','1983-04-13',2200,NULL,'2022-11-28 04:02:16','2022-11-28 04:02:16',6),(388,'Lynn Kunze','Mayert',2003,'Odontología','2016-07-03',2200,NULL,'2022-11-28 04:02:16','2022-11-28 04:02:16',6),(389,'Mr. Jerrold Reichert PhD','Barton',1973,'Odontología','1978-06-15',2200,NULL,'2022-11-28 04:02:16','2022-11-28 04:02:16',6),(390,'Miss Albertha Hill V','Gleason',2013,'Odontología','2004-01-30',2200,NULL,'2022-11-28 04:02:16','2022-11-28 04:02:16',6),(391,'Riley Von','Rippin',2006,'Odontología','1976-06-12',2200,NULL,'2022-11-28 04:02:16','2022-11-28 04:02:16',6),(392,'Lawson Boehm','Nikolaus',1976,'Odontología','1990-03-05',2200,NULL,'2022-11-28 04:02:16','2022-11-28 04:02:16',6),(393,'Cristian Spencer','Herman',1997,'Odontología','2012-09-08',2200,NULL,'2022-11-28 04:02:16','2022-11-28 04:02:16',6),(394,'Lucy Douglas','Johns',1993,'Odontología','2022-07-01',2200,NULL,'2022-11-28 04:02:16','2022-11-28 04:02:16',6),(395,'Abdul Langworth','Rodriguez',2007,'Odontología','2010-09-03',2200,NULL,'2022-11-28 04:02:16','2022-11-28 04:02:16',6),(396,'Dr. Weston Larkin','Mayert',2013,'Odontología','1993-09-29',2200,NULL,'2022-11-28 04:02:16','2022-11-28 04:02:16',6),(397,'Emelie Medhurst','Romaguera',1973,'Odontología','1973-09-09',2200,NULL,'2022-11-28 04:02:16','2022-11-28 04:02:16',6),(398,'Mrs. Opal Batz','Gerlach',2019,'Odontología','2015-02-01',2200,NULL,'2022-11-28 04:02:16','2022-11-28 04:02:16',6),(399,'Josh Veum','Ullrich',1998,'Odontología','2011-03-20',2200,NULL,'2022-11-28 04:02:16','2022-11-28 04:02:16',6),(400,'Beulah Gusikowski','Mann',1974,'Odontología','1970-12-16',2200,NULL,'2022-11-28 04:02:16','2022-11-28 04:02:16',6),(401,'Mrs. Missouri Legros PhD','Lakin',1992,'Cardiologo','2019-05-17',3500,NULL,'2022-11-28 04:02:16','2022-11-28 04:02:16',7),(402,'Dr. Fletcher Greenholt','Conroy',2017,'Cardiologo','2009-02-27',3500,NULL,'2022-11-28 04:02:16','2022-11-28 04:02:16',7),(403,'Dr. Don Effertz','Frami',1994,'Cardiologo','2010-10-12',3500,NULL,'2022-11-28 04:02:16','2022-11-28 04:02:16',7),(404,'Terrence Gleason','Murphy',2022,'Cardiologo','1970-08-25',3500,NULL,'2022-11-28 04:02:16','2022-11-28 04:02:16',7),(405,'Charlie Klocko','Cole',2006,'Cardiologo','1989-10-08',3500,NULL,'2022-11-28 04:02:16','2022-11-28 04:02:16',7),(406,'Steve Russel','Cassin',1983,'Cardiologo','2021-03-01',3500,NULL,'2022-11-28 04:02:16','2022-11-28 04:02:16',7),(407,'Herminio Reichel','Jenkins',1971,'Cardiologo','2011-06-27',3500,NULL,'2022-11-28 04:02:16','2022-11-28 04:02:16',7),(408,'Heath Hauck','Pacocha',1998,'Cardiologo','1989-02-02',3500,NULL,'2022-11-28 04:02:16','2022-11-28 04:02:16',7),(409,'Katheryn Wolff','Balistreri',1986,'Cardiologo','1970-04-17',3500,NULL,'2022-11-28 04:02:16','2022-11-28 04:02:16',7),(410,'Casimer Kulas','Braun',2021,'Cardiologo','1978-12-01',3500,NULL,'2022-11-28 04:02:16','2022-11-28 04:02:16',7),(411,'Ferne Daniel MD','Cole',1972,'Cardiologo','1996-06-17',3500,NULL,'2022-11-28 04:02:16','2022-11-28 04:02:16',7),(412,'Dr. Everett Kuvalis III','Mayert',1990,'Cardiologo','2004-11-29',3500,NULL,'2022-11-28 04:02:16','2022-11-28 04:02:16',7),(413,'Leilani Kutch','Jenkins',2012,'Cardiologo','1981-05-05',3500,NULL,'2022-11-28 04:02:16','2022-11-28 04:02:16',7),(414,'Christ Jerde','Tremblay',2001,'Cardiologo','1990-05-18',3500,NULL,'2022-11-28 04:02:16','2022-11-28 04:02:16',7),(415,'Miss Scarlett Considine PhD','Zboncak',1988,'Cardiologo','1979-04-14',3500,NULL,'2022-11-28 04:02:16','2022-11-28 04:02:16',7),(416,'Kaitlyn Reichel','Nolan',1991,'Cardiologo','1974-01-12',3500,NULL,'2022-11-28 04:02:16','2022-11-28 04:02:16',7),(417,'Reagan Weimann','Lueilwitz',1978,'Cardiologo','1999-10-16',3500,NULL,'2022-11-28 04:02:16','2022-11-28 04:02:16',7),(418,'Ophelia Jast','Schaefer',1980,'Cardiologo','2013-09-05',3500,NULL,'2022-11-28 04:02:16','2022-11-28 04:02:16',7),(419,'Mr. Evert Hayes IV','Considine',2005,'Cardiologo','1975-08-09',3500,NULL,'2022-11-28 04:02:16','2022-11-28 04:02:16',7),(420,'Caleigh Kuhn','Rodriguez',1989,'Cardiologo','1988-03-19',3500,NULL,'2022-11-28 04:02:16','2022-11-28 04:02:16',7),(421,'Ms. Rosemarie Beahan DVM','Wolf',1974,'Cardiologo','1984-10-24',3500,NULL,'2022-11-28 04:02:16','2022-11-28 04:02:16',7),(422,'Nicklaus Kirlin Jr.','Quigley',2013,'Cardiologo','2006-09-08',3500,NULL,'2022-11-28 04:02:16','2022-11-28 04:02:16',7),(423,'Delta Feil','Gerlach',2009,'Cardiologo','1976-12-15',3500,NULL,'2022-11-28 04:02:16','2022-11-28 04:02:16',7),(424,'Geovanny Nienow II','Kutch',1996,'Cardiologo','1995-07-03',3500,NULL,'2022-11-28 04:02:16','2022-11-28 04:02:16',7),(425,'Prof. Darlene Homenick II','Feeney',2009,'Cardiologo','1994-07-21',3500,NULL,'2022-11-28 04:02:16','2022-11-28 04:02:16',7),(426,'Ms. Rubie Rempel II','Ryan',2019,'Cardiologo','1993-07-30',3500,NULL,'2022-11-28 04:02:16','2022-11-28 04:02:16',7),(427,'Wilford Buckridge','Hodkiewicz',1973,'Cardiologo','2001-11-29',3500,NULL,'2022-11-28 04:02:16','2022-11-28 04:02:16',7),(428,'Melisa Bednar Jr.','Feeney',1974,'Cardiologo','1975-06-27',3500,NULL,'2022-11-28 04:02:16','2022-11-28 04:02:16',7),(429,'Dr. Vickie Schmitt I','Rolfson',2015,'Cardiologo','1970-06-15',3500,NULL,'2022-11-28 04:02:16','2022-11-28 04:02:16',7),(430,'Cullen O\'Hara','Lindgren',2003,'Cardiologo','1975-10-23',3500,NULL,'2022-11-28 04:02:16','2022-11-28 04:02:16',7),(431,'Violet Aufderhar IV','D\'Amore',2020,'Cardiologo','1996-02-26',3500,NULL,'2022-11-28 04:02:16','2022-11-28 04:02:16',7),(432,'Rebekah Leannon','Bartell',2015,'Cardiologo','2011-07-26',3500,NULL,'2022-11-28 04:02:16','2022-11-28 04:02:16',7),(433,'May Harber','Windler',1974,'Cardiologo','1983-09-13',3500,NULL,'2022-11-28 04:02:16','2022-11-28 04:02:16',7),(434,'Ashtyn Welch','McKenzie',1991,'Cardiologo','1994-08-26',3500,NULL,'2022-11-28 04:02:16','2022-11-28 04:02:16',7),(435,'Dr. Justina Grimes Jr.','Veum',2021,'Cardiologo','1983-05-18',3500,NULL,'2022-11-28 04:02:16','2022-11-28 04:02:16',7),(436,'Gonzalo Purdy','Eichmann',1993,'Cardiologo','2013-01-02',3500,NULL,'2022-11-28 04:02:16','2022-11-28 04:02:16',7),(437,'Gennaro Volkman','Kassulke',1974,'Cardiologo','1983-12-08',3500,NULL,'2022-11-28 04:02:16','2022-11-28 04:02:16',7),(438,'Wyatt Hill III','Ullrich',1986,'Cardiologo','2022-03-28',3500,NULL,'2022-11-28 04:02:16','2022-11-28 04:02:16',7),(439,'Colleen Hagenes','Gibson',1987,'Cardiologo','1988-02-25',3500,NULL,'2022-11-28 04:02:16','2022-11-28 04:02:16',7),(440,'Dr. Alivia Goldner','Murray',2017,'Cardiologo','1997-03-07',3500,NULL,'2022-11-28 04:02:16','2022-11-28 04:02:16',7),(441,'Ms. Adrianna Swaniawski','Hilpert',1983,'Cardiologo','1984-12-20',3500,NULL,'2022-11-28 04:02:16','2022-11-28 04:02:16',7),(442,'Vaughn Heller','Raynor',2020,'Cardiologo','1983-06-09',3500,NULL,'2022-11-28 04:02:16','2022-11-28 04:02:16',7),(443,'Jane Schmitt','Tromp',2010,'Cardiologo','1989-10-05',3500,NULL,'2022-11-28 04:02:16','2022-11-28 04:02:16',7),(444,'Josianne Koch','Nitzsche',2009,'Cardiologo','2001-09-16',3500,NULL,'2022-11-28 04:02:16','2022-11-28 04:02:16',7),(445,'Elbert Kirlin','Schiller',2007,'Cardiologo','2007-02-06',3500,NULL,'2022-11-28 04:02:16','2022-11-28 04:02:16',7),(446,'Colten Ullrich','Jerde',1993,'Cardiologo','1985-08-22',3500,NULL,'2022-11-28 04:02:16','2022-11-28 04:02:16',7),(447,'Alene Bradtke','Schmeler',1978,'Cardiologo','1979-03-07',3500,NULL,'2022-11-28 04:02:16','2022-11-28 04:02:16',7),(448,'Alberta Schiller','Huel',1987,'Cardiologo','1990-12-12',3500,NULL,'2022-11-28 04:02:16','2022-11-28 04:02:16',7),(449,'Brain Shanahan','Cremin',1992,'Cardiologo','1982-11-25',3500,NULL,'2022-11-28 04:02:16','2022-11-28 04:02:16',7),(450,'Prof. Jay Bergnaum','Hickle',1981,'Cardiologo','2018-05-16',3500,NULL,'2022-11-28 04:02:16','2022-11-28 04:02:16',7),(451,'Jed Gerhold','Satterfield',1989,'Pediatra','1991-11-01',3800,NULL,'2022-11-28 04:02:16','2022-11-28 04:02:16',8),(452,'Prof. Hosea Yundt III','Johnston',2015,'Pediatra','2003-11-07',3800,NULL,'2022-11-28 04:02:16','2022-11-28 04:02:16',8),(453,'Dr. Allie Green Jr.','Mohr',1985,'Pediatra','2012-08-13',3800,NULL,'2022-11-28 04:02:16','2022-11-28 04:02:16',8),(454,'Macy Blick','Ebert',1999,'Pediatra','1991-09-28',3800,NULL,'2022-11-28 04:02:16','2022-11-28 04:02:16',8),(455,'Ms. Gerry Kassulke','Koelpin',2002,'Pediatra','1982-04-20',3800,NULL,'2022-11-28 04:02:16','2022-11-28 04:02:16',8),(456,'Mariano Hilpert','Carroll',2000,'Pediatra','1996-10-26',3800,NULL,'2022-11-28 04:02:16','2022-11-28 04:02:16',8),(457,'Lacy Runolfsdottir','Pollich',2009,'Pediatra','1996-01-23',3800,NULL,'2022-11-28 04:02:16','2022-11-28 04:02:16',8),(458,'Neal Nitzsche','Leuschke',1972,'Pediatra','2021-11-16',3800,NULL,'2022-11-28 04:02:16','2022-11-28 04:02:16',8),(459,'Winona Oberbrunner','Heidenreich',2008,'Pediatra','2017-03-19',3800,NULL,'2022-11-28 04:02:16','2022-11-28 04:02:16',8),(460,'Harmony Maggio','Sawayn',1972,'Pediatra','1984-10-06',3800,NULL,'2022-11-28 04:02:16','2022-11-28 04:02:16',8),(461,'Kaelyn Padberg','Runolfsson',2017,'Pediatra','1991-08-31',3800,NULL,'2022-11-28 04:02:16','2022-11-28 04:02:16',8),(462,'Tate Murray','Abernathy',2009,'Pediatra','2002-06-19',3800,NULL,'2022-11-28 04:02:16','2022-11-28 04:02:16',8),(463,'Milo Windler','Hyatt',2019,'Pediatra','1978-12-13',3800,NULL,'2022-11-28 04:02:16','2022-11-28 04:02:16',8),(464,'Sister Wilkinson','Watsica',2003,'Pediatra','1980-10-09',3800,NULL,'2022-11-28 04:02:16','2022-11-28 04:02:16',8),(465,'Marlon Hahn','Kovacek',1971,'Pediatra','1987-05-05',3800,NULL,'2022-11-28 04:02:16','2022-11-28 04:02:16',8),(466,'Krystel Armstrong','Funk',1971,'Pediatra','1970-06-16',3800,NULL,'2022-11-28 04:02:16','2022-11-28 04:02:16',8),(467,'Edgar Connelly','Herman',2021,'Pediatra','2007-11-06',3800,NULL,'2022-11-28 04:02:16','2022-11-28 04:02:16',8),(468,'Marcel Hegmann','Marquardt',2009,'Pediatra','2012-02-05',3800,NULL,'2022-11-28 04:02:16','2022-11-28 04:02:16',8),(469,'Zora Satterfield','Halvorson',1997,'Pediatra','2022-01-26',3800,NULL,'2022-11-28 04:02:16','2022-11-28 04:02:16',8),(470,'Jalon Schamberger V','Wisoky',1997,'Pediatra','2009-05-13',3800,NULL,'2022-11-28 04:02:16','2022-11-28 04:02:16',8),(471,'Noemy Wintheiser','Huels',2018,'Pediatra','2019-09-11',3800,NULL,'2022-11-28 04:02:16','2022-11-28 04:02:16',8),(472,'Zoie Stark DVM','Lockman',2019,'Pediatra','1986-07-11',3800,NULL,'2022-11-28 04:02:16','2022-11-28 04:02:16',8),(473,'Jany Kovacek II','Wehner',1983,'Pediatra','2015-08-21',3800,NULL,'2022-11-28 04:02:16','2022-11-28 04:02:16',8),(474,'Viviane Sanford','Pagac',2003,'Pediatra','2010-03-18',3800,NULL,'2022-11-28 04:02:16','2022-11-28 04:02:16',8),(475,'Hilma Medhurst DVM','Ryan',1983,'Pediatra','2001-08-16',3800,NULL,'2022-11-28 04:02:16','2022-11-28 04:02:16',8),(476,'Amos Volkman','Cormier',2018,'Pediatra','1996-03-15',3850,NULL,'2022-11-28 04:02:16','2022-11-28 04:02:16',8),(477,'Prof. Dion Mraz','Hessel',1989,'Pediatra','2006-02-04',3850,NULL,'2022-11-28 04:02:16','2022-11-28 04:02:16',8),(478,'Rosalia Goodwin','Leannon',1988,'Pediatra','1973-02-19',3850,NULL,'2022-11-28 04:02:16','2022-11-28 04:02:16',8),(479,'Clement Hand','Friesen',1979,'Pediatra','1997-02-04',3850,NULL,'2022-11-28 04:02:16','2022-11-28 04:02:16',8),(480,'Eriberto Weimann Sr.','Mueller',1984,'Pediatra','1989-01-22',3850,NULL,'2022-11-28 04:02:16','2022-11-28 04:02:16',8),(481,'Dexter Langworth DVM','Deckow',1972,'Pediatra','1988-06-05',3850,NULL,'2022-11-28 04:02:16','2022-11-28 04:02:16',8),(482,'Prof. Abdiel Sanford II','Bins',1992,'Pediatra','1992-08-22',3850,NULL,'2022-11-28 04:02:16','2022-11-28 04:02:16',8),(483,'Cayla Rodriguez','Lang',2021,'Pediatra','2010-05-20',3850,NULL,'2022-11-28 04:02:16','2022-11-28 04:02:16',8),(484,'Erica Emmerich I','Koss',1980,'Pediatra','1978-03-28',3850,NULL,'2022-11-28 04:02:16','2022-11-28 04:02:16',8),(485,'Darryl Wilkinson','McDermott',2006,'Pediatra','1986-12-01',3850,NULL,'2022-11-28 04:02:16','2022-11-28 04:02:16',8),(486,'Israel Goyette','Bechtelar',1994,'Pediatra','1989-02-01',3850,NULL,'2022-11-28 04:02:16','2022-11-28 04:02:16',8),(487,'Milton Fadel','Langosh',2013,'Pediatra','2019-12-23',3850,NULL,'2022-11-28 04:02:16','2022-11-28 04:02:16',8),(488,'Brice Towne','Bins',2005,'Pediatra','1982-06-11',3850,NULL,'2022-11-28 04:02:16','2022-11-28 04:02:16',8),(489,'Kory Wiza DVM','Hand',2015,'Pediatra','1990-01-05',3850,NULL,'2022-11-28 04:02:16','2022-11-28 04:02:16',8),(490,'Rasheed Howe DVM','Hickle',2017,'Pediatra','1972-10-28',3850,NULL,'2022-11-28 04:02:16','2022-11-28 04:02:16',8),(491,'Prof. Fidel Ebert I','Bernhard',2012,'Pediatra','1972-04-10',3850,NULL,'2022-11-28 04:02:16','2022-11-28 04:02:16',8),(492,'Janessa Funk','Schaden',1996,'Pediatra','1981-03-10',3850,NULL,'2022-11-28 04:02:16','2022-11-28 04:02:16',8),(493,'Simeon Nicolas','Reynolds',2006,'Pediatra','1970-10-28',3850,NULL,'2022-11-28 04:02:16','2022-11-28 04:02:16',8),(494,'Tremaine Murphy','Lindgren',2019,'Pediatra','1991-01-25',3850,NULL,'2022-11-28 04:02:16','2022-11-28 04:02:16',8),(495,'Prof. Parker Lindgren','Oberbrunner',1989,'Pediatra','1978-09-28',3850,NULL,'2022-11-28 04:02:16','2022-11-28 04:02:16',8),(496,'Mr. Anthony Morissette','Wiza',2006,'Pediatra','2018-01-07',3850,NULL,'2022-11-28 04:02:16','2022-11-28 04:02:16',8),(497,'Prof. Beryl Nader III','Kunze',1997,'Pediatra','1996-11-16',3850,NULL,'2022-11-28 04:02:16','2022-11-28 04:02:16',8),(498,'Jaycee Cartwright','Lehner',1984,'Pediatra','2003-12-04',3850,NULL,'2022-11-28 04:02:16','2022-11-28 04:02:16',8),(499,'Flo Heidenreich V','Wisoky',2007,'Pediatra','1973-11-03',3850,NULL,'2022-11-28 04:02:16','2022-11-28 04:02:16',8),(500,'Shanna Parker','Altenwerth',2003,'Pediatra','1983-06-01',3850,NULL,'2022-11-28 04:02:16','2022-11-28 04:02:16',8),(501,'Prof. Maximillia Fay','Schaefer',2007,'Reumatólogo','2012-12-07',3700,NULL,'2022-11-28 04:02:16','2022-11-28 04:02:16',9),(502,'Reynaldo','Rodigues',1997,'Reumatólogo','1980-06-04',3700,NULL,'2022-11-28 04:02:27','2022-11-28 04:02:27',9),(503,'Zachariah Kshlerin','Ullrich',1973,'Reumatólogo','1999-01-17',3700,NULL,'2022-11-28 04:02:27','2022-11-28 04:02:27',9),(504,'Mr. Kyler Gutmann','Batz',1998,'Reumatólogo','1972-02-20',3700,NULL,'2022-11-28 04:02:27','2022-11-28 04:02:27',9),(505,'Albina Buckridge','Feest',1989,'Reumatólogo','1999-01-12',3700,NULL,'2022-11-28 04:02:27','2022-11-28 04:02:27',9),(506,'Dr. Gaylord Stroman PhD','Hackett',1981,'Reumatólogo','2016-05-22',3700,NULL,'2022-11-28 04:02:27','2022-11-28 04:02:27',9),(507,'Dr. Darrel Gusikowski','Treutel',2019,'Reumatólogo','1984-01-16',3700,NULL,'2022-11-28 04:02:27','2022-11-28 04:02:27',9),(508,'Prof. Yvette Batz','Crona',1988,'Reumatólogo','2013-01-01',3700,NULL,'2022-11-28 04:02:27','2022-11-28 04:02:27',9),(509,'Reina Reynolds','Bahringer',1971,'Reumatólogo','1993-04-10',3700,NULL,'2022-11-28 04:02:27','2022-11-28 04:02:27',9),(510,'Houston Mohr','Collier',2017,'Reumatólogo','2018-10-11',3700,NULL,'2022-11-28 04:02:27','2022-11-28 04:02:27',9),(511,'Mr. Marty Kuphal IV','Hyatt',1996,'Reumatólogo','1975-03-10',3700,NULL,'2022-11-28 04:02:27','2022-11-28 04:02:27',9),(512,'Esta Kassulke','Dietrich',1988,'Reumatólogo','1988-02-05',3700,NULL,'2022-11-28 04:02:27','2022-11-28 04:02:27',9),(513,'Miss Nora Keeling','Pollich',2008,'Reumatólogo','1976-04-01',3700,NULL,'2022-11-28 04:02:27','2022-11-28 04:02:27',9),(514,'Mrs. Adrienne Maggio','Gerlach',1974,'Reumatólogo','2021-03-05',3700,NULL,'2022-11-28 04:02:27','2022-11-28 04:02:27',9),(515,'Fanny Skiles','Quigley',1992,'Reumatólogo','1984-02-12',3700,NULL,'2022-11-28 04:02:27','2022-11-28 04:02:27',9),(516,'Beulah Stracke','Schoen',1986,'Reumatólogo','1982-01-10',3700,NULL,'2022-11-28 04:02:27','2022-11-28 04:02:27',9),(517,'Yasmin Heller PhD','Spencer',1971,'Reumatólogo','1986-03-16',3700,NULL,'2022-11-28 04:02:27','2022-11-28 04:02:27',9),(518,'Glenna Wehner','Labadie',1986,'Reumatólogo','2014-05-22',3700,NULL,'2022-11-28 04:02:27','2022-11-28 04:02:27',9),(519,'Janick Wunsch','Goodwin',2015,'Reumatólogo','1971-12-04',3700,NULL,'2022-11-28 04:02:27','2022-11-28 04:02:27',9),(520,'Dr. Garfield Tillman','Huels',1972,'Reumatólogo','2012-08-11',3700,NULL,'2022-11-28 04:02:27','2022-11-28 04:02:27',9),(521,'Dr. Terrence Boyer III','Bosco',2005,'Reumatólogo','1988-01-01',3700,NULL,'2022-11-28 04:02:27','2022-11-28 04:02:27',9),(522,'Hulda Medhurst I','Lang',1984,'Reumatólogo','2008-09-27',3700,NULL,'2022-11-28 04:02:27','2022-11-28 04:02:27',9),(523,'Dr. Johnson Murazik','McLaughlin',2002,'Reumatólogo','1995-11-28',3700,NULL,'2022-11-28 04:02:27','2022-11-28 04:02:27',9),(524,'Georgiana Sauer Jr.','Sporer',1973,'Reumatólogo','2016-06-08',3700,NULL,'2022-11-28 04:02:27','2022-11-28 04:02:27',9),(525,'Mr. Colt Braun PhD','Boehm',2004,'Reumatólogo','2002-03-30',3700,NULL,'2022-11-28 04:02:27','2022-11-28 04:02:27',9),(526,'Ebony Brown','Bednar',1970,'Reumatólogo','2004-09-19',3700,NULL,'2022-11-28 04:02:27','2022-11-28 04:02:27',9),(527,'Brandon Flatley','Boyer',2020,'Reumatólogo','1985-01-03',3700,NULL,'2022-11-28 04:02:27','2022-11-28 04:02:27',9),(528,'Orion Runte','Parisian',2000,'Reumatólogo','1971-02-12',3700,NULL,'2022-11-28 04:02:27','2022-11-28 04:02:27',9),(529,'Cassandra Ratke','Gleason',2009,'Reumatólogo','1979-12-13',3700,NULL,'2022-11-28 04:02:27','2022-11-28 04:02:27',9),(530,'Mabelle Corkery','Huel',1997,'Reumatólogo','2015-12-19',3700,NULL,'2022-11-28 04:02:27','2022-11-28 04:02:27',9),(531,'Roslyn Bailey','Kreiger',2021,'Reumatólogo','2012-07-08',3700,NULL,'2022-11-28 04:02:27','2022-11-28 04:02:27',9),(532,'Henderson Kirlin','Brekke',1995,'Reumatólogo','1988-01-11',3700,NULL,'2022-11-28 04:02:27','2022-11-28 04:02:27',9),(533,'Mozell Prohaska','Schneider',1981,'Reumatólogo','1977-02-14',3700,NULL,'2022-11-28 04:02:27','2022-11-28 04:02:27',9),(534,'Dr. Brianne Hessel','Schuster',1985,'Reumatólogo','2003-08-27',3700,NULL,'2022-11-28 04:02:27','2022-11-28 04:02:27',9),(535,'Concepcion Franecki III','Herzog',1978,'Reumatólogo','2022-08-30',3700,NULL,'2022-11-28 04:02:27','2022-11-28 04:02:27',9),(536,'Randi Gulgowski DDS','Carroll',2000,'Reumatólogo','1977-09-21',3700,NULL,'2022-11-28 04:02:27','2022-11-28 04:02:27',9),(537,'Julianne Okuneva','Haley',1993,'Reumatólogo','1998-09-27',3700,NULL,'2022-11-28 04:02:27','2022-11-28 04:02:27',9),(538,'Vincenza Cole','Labadie',1993,'Reumatólogo','1985-11-30',3700,NULL,'2022-11-28 04:02:27','2022-11-28 04:02:27',9),(539,'Therese Runte','Daniel',1975,'Reumatólogo','1979-12-04',3700,NULL,'2022-11-28 04:02:27','2022-11-28 04:02:27',9),(540,'Fermin Johnson V','Daugherty',1971,'Reumatólogo','1989-07-29',3700,NULL,'2022-11-28 04:02:27','2022-11-28 04:02:27',9),(541,'Miss Syble Strosin DVM','Friesen',1976,'Reumatólogo','1974-04-06',3700,NULL,'2022-11-28 04:02:27','2022-11-28 04:02:27',9),(542,'Johan Rice','Sanford',1994,'Reumatólogo','2000-07-16',3700,NULL,'2022-11-28 04:02:27','2022-11-28 04:02:27',9),(543,'Jeremie Schamberger III','Kessler',1982,'Reumatólogo','1990-08-15',3700,NULL,'2022-11-28 04:02:27','2022-11-28 04:02:27',9),(544,'Ms. Rosella Cassin PhD','Kuhn',2022,'Reumatólogo','1980-03-29',3700,NULL,'2022-11-28 04:02:27','2022-11-28 04:02:27',9),(545,'Prof. Conor Nolan DVM','Lesch',2002,'Reumatólogo','1991-12-09',3700,NULL,'2022-11-28 04:02:27','2022-11-28 04:02:27',9),(546,'Bertram McCullough','Crooks',2006,'Reumatólogo','2007-06-08',3700,NULL,'2022-11-28 04:02:27','2022-11-28 04:02:27',9),(547,'Prof. Alexa Schumm','Welch',2005,'Reumatólogo','2014-12-05',3700,NULL,'2022-11-28 04:02:27','2022-11-28 04:02:27',9),(548,'Dessie Heller','Weimann',1995,'Reumatólogo','2002-10-02',3700,NULL,'2022-11-28 04:02:27','2022-11-28 04:02:27',9),(549,'Bessie Bernier','Murray',1971,'Reumatólogo','1974-04-26',3700,NULL,'2022-11-28 04:02:27','2022-11-28 04:02:27',9),(550,'Prof. Jayce Waelchi IV','Sipes',2009,'Reumatólogo','1976-07-09',3700,NULL,'2022-11-28 04:02:27','2022-11-28 04:02:27',9),(551,'Annamarie O\'Keefe','Abernathy',2013,'Oncólogo','2014-06-22',3850,NULL,'2022-11-28 04:02:27','2022-11-28 04:02:27',10),(552,'Merle Kuhic','Brekke',1989,'Oncólogo','2001-12-31',3850,NULL,'2022-11-28 04:02:27','2022-11-28 04:02:27',10),(553,'Pattie Kreiger','Cassin',1977,'Oncólogo','2002-06-20',3850,NULL,'2022-11-28 04:02:27','2022-11-28 04:02:27',10),(554,'Mrs. Verlie Hilpert DDS','Trantow',1985,'Oncólogo','2017-05-12',3850,NULL,'2022-11-28 04:02:27','2022-11-28 04:02:27',10),(555,'Kavon Hettinger','Stiedemann',2020,'Oncólogo','1984-01-14',3850,NULL,'2022-11-28 04:02:27','2022-11-28 04:02:27',10),(556,'Karli Romaguera IV','Metz',1992,'Oncólogo','1990-02-07',3850,NULL,'2022-11-28 04:02:27','2022-11-28 04:02:27',10),(557,'Prof. Murphy Morar I','Mills',2011,'Oncólogo','2019-07-01',3850,NULL,'2022-11-28 04:02:27','2022-11-28 04:02:27',10),(558,'Sim Reichel','Harris',1977,'Oncólogo','1978-12-13',3850,NULL,'2022-11-28 04:02:27','2022-11-28 04:02:27',10),(559,'Alisa Crona','Romaguera',1981,'Oncólogo','1982-06-29',3850,NULL,'2022-11-28 04:02:27','2022-11-28 04:02:27',10),(560,'Francesca Gottlieb','Waelchi',1989,'Oncólogo','2014-10-07',3850,NULL,'2022-11-28 04:02:27','2022-11-28 04:02:27',10),(561,'Mr. Carmine Hintz I','Carter',2018,'Oncólogo','2015-01-07',3850,NULL,'2022-11-28 04:02:27','2022-11-28 04:02:27',10),(562,'Annalise Harvey','Homenick',2006,'Oncólogo','1987-01-08',3850,NULL,'2022-11-28 04:02:27','2022-11-28 04:02:27',10),(563,'Mr. Jakob Witting','Fisher',2018,'Oncólogo','1974-08-24',3850,NULL,'2022-11-28 04:02:27','2022-11-28 04:02:27',10),(564,'Prof. Sammy Cartwright','Simonis',1991,'Oncólogo','2000-10-21',3850,NULL,'2022-11-28 04:02:27','2022-11-28 04:02:27',10),(565,'William Green','Fritsch',1989,'Oncólogo','1990-12-06',3850,NULL,'2022-11-28 04:02:27','2022-11-28 04:02:27',10),(566,'Taylor Pacocha','Auer',2010,'Oncólogo','1991-05-24',3850,NULL,'2022-11-28 04:02:27','2022-11-28 04:02:27',10),(567,'Ms. Casandra Lebsack','Stehr',2012,'Oncólogo','2005-01-07',3850,NULL,'2022-11-28 04:02:27','2022-11-28 04:02:27',10),(568,'Gussie Murphy PhD','Stark',1988,'Oncólogo','2011-04-04',3850,NULL,'2022-11-28 04:02:27','2022-11-28 04:02:27',10),(569,'Scarlett Jones','Pagac',1984,'Oncólogo','1983-05-15',3850,NULL,'2022-11-28 04:02:27','2022-11-28 04:02:27',10),(570,'Maritza Davis','O\'Keefe',2002,'Oncólogo','1986-06-22',3850,NULL,'2022-11-28 04:02:27','2022-11-28 04:02:27',10),(571,'Jerad Haag','Bartell',2020,'Oncólogo','1988-06-22',3850,NULL,'2022-11-28 04:02:27','2022-11-28 04:02:27',10),(572,'Andre Rice IV','McDermott',1995,'Oncólogo','2020-10-29',3850,NULL,'2022-11-28 04:02:27','2022-11-28 04:02:27',10),(573,'Ricky Boehm PhD','Lang',2020,'Oncólogo','1990-12-04',3850,NULL,'2022-11-28 04:02:27','2022-11-28 04:02:27',10),(574,'Coleman Dach DDS','Brakus',2016,'Oncólogo','1973-09-15',3850,NULL,'2022-11-28 04:02:27','2022-11-28 04:02:27',10),(575,'Anabel Kris','Bergnaum',2008,'Oncólogo','1998-03-01',3850,NULL,'2022-11-28 04:02:27','2022-11-28 04:02:27',10),(576,'Constantin Jerde V','Gerhold',1974,'Oncólogo','2019-10-25',3850,NULL,'2022-11-28 04:02:27','2022-11-28 04:02:27',10),(577,'Prof. Olin Torp Sr.','McDermott',2012,'Oncólogo','1975-07-26',3850,NULL,'2022-11-28 04:02:27','2022-11-28 04:02:27',10),(578,'Athena Hagenes V','Osinski',1987,'Oncólogo','2002-09-02',3850,NULL,'2022-11-28 04:02:27','2022-11-28 04:02:27',10),(579,'Maida Osinski I','Treutel',1994,'Oncólogo','2022-08-30',3850,NULL,'2022-11-28 04:02:27','2022-11-28 04:02:27',10),(580,'Matilda Becker','Wolff',1983,'Oncólogo','1996-07-24',3850,NULL,'2022-11-28 04:02:27','2022-11-28 04:02:27',10),(581,'Kari Ratke','Rolfson',2014,'Oncólogo','1992-02-28',3850,NULL,'2022-11-28 04:02:27','2022-11-28 04:02:27',10),(582,'Bertrand McGlynn','Block',1976,'Oncólogo','2020-11-28',3850,NULL,'2022-11-28 04:02:27','2022-11-28 04:02:27',10),(583,'Osvaldo Rodriguez','Pacocha',1984,'Oncólogo','2016-02-27',3850,NULL,'2022-11-28 04:02:27','2022-11-28 04:02:27',10),(584,'Montana Toy','Toy',1994,'Oncólogo','2018-11-30',3850,NULL,'2022-11-28 04:02:27','2022-11-28 04:02:27',10),(585,'Davonte Turcotte','Harris',1973,'Oncólogo','2007-12-18',3850,NULL,'2022-11-28 04:02:27','2022-11-28 04:02:27',10),(586,'Claudine Orn','Buckridge',1991,'Oncólogo','1980-07-31',3850,NULL,'2022-11-28 04:02:27','2022-11-28 04:02:27',10),(587,'Jerod Turner','Beier',2015,'Oncólogo','1991-08-13',3850,NULL,'2022-11-28 04:02:27','2022-11-28 04:02:27',10),(588,'Ruth Quigley','Price',1998,'Oncólogo','2006-01-20',3850,NULL,'2022-11-28 04:02:27','2022-11-28 04:02:27',10),(589,'Keeley Kozey','Davis',2013,'Oncólogo','2022-06-30',3850,NULL,'2022-11-28 04:02:27','2022-11-28 04:02:27',10),(590,'Jennyfer Bartoletti','Conn',1997,'Oncólogo','1990-04-16',3850,NULL,'2022-11-28 04:02:27','2022-11-28 04:02:27',10),(591,'Shad Rutherford','Grimes',1990,'Oncólogo','1984-07-08',3850,NULL,'2022-11-28 04:02:27','2022-11-28 04:02:27',10),(592,'Durward Stokes','Berge',1972,'Oncólogo','1986-03-14',3850,NULL,'2022-11-28 04:02:27','2022-11-28 04:02:27',10),(593,'Mr. Kayley Pacocha III','Bins',2005,'Oncólogo','1971-06-25',3850,NULL,'2022-11-28 04:02:27','2022-11-28 04:02:27',10),(594,'Ken Lang','Swaniawski',1977,'Oncólogo','1988-09-20',3850,NULL,'2022-11-28 04:02:27','2022-11-28 04:02:27',10),(595,'Lawrence Goodwin','Haag',1981,'Oncólogo','1998-05-18',3850,NULL,'2022-11-28 04:02:27','2022-11-28 04:02:27',10),(596,'Casper Hills','Cole',2008,'Oncólogo','2002-06-05',3850,NULL,'2022-11-28 04:02:27','2022-11-28 04:02:27',10),(597,'Susie Gutkowski','Rowe',2010,'Oncólogo','1972-02-10',3850,NULL,'2022-11-28 04:02:27','2022-11-28 04:02:27',10),(598,'Miss Otha Rempel MD','Toy',1974,'Oncólogo','2020-04-03',3850,NULL,'2022-11-28 04:02:27','2022-11-28 04:02:27',10),(599,'Ms. Meagan Jast MD','Von',1984,'Oncólogo','2007-03-11',3850,NULL,'2022-11-28 04:02:27','2022-11-28 04:02:27',10),(600,'Dalton Cruickshank','Herman',2007,'Oncólogo','1984-12-08',3850,NULL,'2022-11-28 04:02:27','2022-11-28 04:02:27',10),(601,'Prof. Rowan Effertz','Murphy',1974,'Neurólogo','2005-07-10',3750,NULL,'2022-11-28 04:02:27','2022-11-28 04:02:27',11),(602,'Jarrell Batz','Wintheiser',1986,'Neurólogo','1998-06-24',3750,NULL,'2022-11-28 04:02:27','2022-11-28 04:02:27',11),(603,'Marques Johnson V','Parker',1976,'Neurólogo','1977-08-23',3750,NULL,'2022-11-28 04:02:27','2022-11-28 04:02:27',11),(604,'Vivienne Schiller','Turcotte',2008,'Neurólogo','1984-05-03',3750,NULL,'2022-11-28 04:02:27','2022-11-28 04:02:27',11),(605,'Thelma Dicki','Frami',2018,'Neurólogo','2008-09-06',3750,NULL,'2022-11-28 04:02:27','2022-11-28 04:02:27',11),(606,'Vilma Collier','Carroll',1984,'Neurólogo','1984-12-02',3750,NULL,'2022-11-28 04:02:27','2022-11-28 04:02:27',11),(607,'Mrs. Nyah Green','O\'Keefe',2013,'Neurólogo','2016-09-12',3750,NULL,'2022-11-28 04:02:27','2022-11-28 04:02:27',11),(608,'Keagan Kassulke','Lang',1972,'Neurólogo','1999-04-24',3750,NULL,'2022-11-28 04:02:27','2022-11-28 04:02:27',11),(609,'Miss Allene Collier','Reinger',1985,'Neurólogo','2022-02-17',3750,NULL,'2022-11-28 04:02:27','2022-11-28 04:02:27',11),(610,'Prof. Armani Schultz','Kohler',2011,'Neurólogo','1979-07-31',3750,NULL,'2022-11-28 04:02:27','2022-11-28 04:02:27',11),(611,'Dr. Brooklyn Stroman V','Stark',1994,'Neurólogo','2021-02-18',3750,NULL,'2022-11-28 04:02:27','2022-11-28 04:02:27',11),(612,'Prof. Ima Smith','Brown',2019,'Neurólogo','2008-02-03',3750,NULL,'2022-11-28 04:02:27','2022-11-28 04:02:27',11),(613,'Claudine Hayes','Ondricka',1988,'Neurólogo','2010-12-13',3750,NULL,'2022-11-28 04:02:27','2022-11-28 04:02:27',11),(614,'Grover Prohaska','Koss',2015,'Neurólogo','1979-02-17',3750,NULL,'2022-11-28 04:02:27','2022-11-28 04:02:27',11),(615,'Mr. Emil Gerhold III','Gusikowski',2017,'Neurólogo','1998-03-27',3750,NULL,'2022-11-28 04:02:27','2022-11-28 04:02:27',11),(616,'Liana White','Schmitt',2001,'Neurólogo','1992-01-21',3750,NULL,'2022-11-28 04:02:27','2022-11-28 04:02:27',11),(617,'Myra Mohr','Kihn',1999,'Neurólogo','1978-01-12',3750,NULL,'2022-11-28 04:02:27','2022-11-28 04:02:27',11),(618,'Vivianne Morissette','Greenfelder',1999,'Neurólogo','1990-09-14',3750,NULL,'2022-11-28 04:02:27','2022-11-28 04:02:27',11),(619,'Mabel Pacocha','Dooley',2010,'Neurólogo','2004-07-23',3750,NULL,'2022-11-28 04:02:27','2022-11-28 04:02:27',11),(620,'Stan Swaniawski PhD','Bartoletti',2005,'Neurólogo','1999-10-22',3750,NULL,'2022-11-28 04:02:27','2022-11-28 04:02:27',11),(621,'Mr. Jeff Heidenreich Jr.','Conroy',1979,'Neurólogo','2012-11-17',3750,NULL,'2022-11-28 04:02:27','2022-11-28 04:02:27',11),(622,'Abbie Dibbert IV','White',1986,'Neurólogo','1984-12-10',3750,NULL,'2022-11-28 04:02:27','2022-11-28 04:02:27',11),(623,'Linnie Herzog DDS','Aufderhar',1994,'Neurólogo','2006-08-04',3750,NULL,'2022-11-28 04:02:27','2022-11-28 04:02:27',11),(624,'Drew Cruickshank','Hane',2011,'Neurólogo','2018-09-29',3750,NULL,'2022-11-28 04:02:27','2022-11-28 04:02:27',11),(625,'Bryana Pfannerstill','Fahey',2008,'Neurólogo','2002-02-09',3750,NULL,'2022-11-28 04:02:27','2022-11-28 04:02:27',11),(626,'Prof. Alva Collier','Tremblay',1998,'Neurólogo','2022-03-21',3750,NULL,'2022-11-28 04:02:27','2022-11-28 04:02:27',11),(627,'Candida Dare','Hahn',1985,'Neurólogo','1970-11-08',3750,NULL,'2022-11-28 04:02:27','2022-11-28 04:02:27',11),(628,'Micah Olson','Hilpert',2005,'Neurólogo','1981-01-27',3750,NULL,'2022-11-28 04:02:27','2022-11-28 04:02:27',11),(629,'Alison Johnson','Bahringer',2017,'Neurólogo','1974-09-12',3750,NULL,'2022-11-28 04:02:27','2022-11-28 04:02:27',11),(630,'Desiree Gleichner','Boyer',1975,'Neurólogo','2009-03-13',3750,NULL,'2022-11-28 04:02:27','2022-11-28 04:02:27',11),(631,'Darian Spencer','Haag',1998,'Neurólogo','2000-04-08',3750,NULL,'2022-11-28 04:02:27','2022-11-28 04:02:27',11),(632,'Ricky O\'Hara','Wisozk',1983,'Neurólogo','2010-03-11',3750,NULL,'2022-11-28 04:02:27','2022-11-28 04:02:27',11),(633,'Mrs. Marcella Hackett','Hill',1995,'Neurólogo','1996-03-26',3750,NULL,'2022-11-28 04:02:27','2022-11-28 04:02:27',11),(634,'Garrett Breitenberg','Becker',1986,'Neurólogo','2015-03-24',3750,NULL,'2022-11-28 04:02:27','2022-11-28 04:02:27',11),(635,'Emerald Schiller','Schinner',1998,'Neurólogo','1989-10-25',3750,NULL,'2022-11-28 04:02:27','2022-11-28 04:02:27',11),(636,'Kiley Jaskolski','Cartwright',2016,'Neurólogo','2008-10-07',3750,NULL,'2022-11-28 04:02:27','2022-11-28 04:02:27',11),(637,'Prof. Robert Wehner','Marvin',2009,'Neurólogo','2009-07-15',3750,NULL,'2022-11-28 04:02:27','2022-11-28 04:02:27',11),(638,'Flossie Lockman','McDermott',1987,'Neurólogo','1996-11-03',3750,NULL,'2022-11-28 04:02:27','2022-11-28 04:02:27',11),(639,'Mr. Kadin Lueilwitz Jr.','Cronin',2006,'Neurólogo','1991-12-25',3750,NULL,'2022-11-28 04:02:27','2022-11-28 04:02:27',11),(640,'Estevan Kreiger IV','Boyer',1995,'Neurólogo','1985-10-07',3750,NULL,'2022-11-28 04:02:27','2022-11-28 04:02:27',11),(641,'Gerda Fahey','Langosh',2016,'Neurólogo','1996-10-07',3750,NULL,'2022-11-28 04:02:27','2022-11-28 04:02:27',11),(642,'Albert Ziemann','Powlowski',1986,'Neurólogo','2005-10-24',3750,NULL,'2022-11-28 04:02:27','2022-11-28 04:02:27',11),(643,'Miss Bridget Ryan','Bahringer',1977,'Neurólogo','1979-10-07',3750,NULL,'2022-11-28 04:02:27','2022-11-28 04:02:27',11),(644,'Daphne Bernhard','Stroman',1979,'Neurólogo','1984-04-05',3750,NULL,'2022-11-28 04:02:27','2022-11-28 04:02:27',11),(645,'Dr. Antonette Jenkins','Daugherty',1978,'Neurólogo','1997-01-28',3750,NULL,'2022-11-28 04:02:27','2022-11-28 04:02:27',11),(646,'Zechariah Trantow DVM','Torp',1997,'Neurólogo','1995-11-06',3750,NULL,'2022-11-28 04:02:27','2022-11-28 04:02:27',11),(647,'Rex Gislason PhD','Cole',2001,'Neurólogo','2006-01-09',3750,NULL,'2022-11-28 04:02:27','2022-11-28 04:02:27',11),(648,'Dr. Alta Schroeder DVM','Nader',1986,'Neurólogo','1988-05-09',3750,NULL,'2022-11-28 04:02:27','2022-11-28 04:02:27',11),(649,'Kaden Muller','Satterfield',1995,'Neurólogo','1971-01-25',3750,NULL,'2022-11-28 04:02:27','2022-11-28 04:02:27',11),(650,'Hayley Sawayn','Luettgen',2004,'Neurólogo','1975-03-26',3750,NULL,'2022-11-28 04:02:27','2022-11-28 04:02:27',11),(651,'Samantha Schroeder','Becker',1997,'Nefrólogo','2022-11-14',3950,NULL,'2022-11-28 04:02:27','2022-11-28 04:02:27',12),(652,'Amya Murazik III','Leannon',1998,'Nefrólogo','2022-07-13',3950,NULL,'2022-11-28 04:02:27','2022-11-28 04:02:27',12),(653,'Berneice Cartwright','Bechtelar',2008,'Nefrólogo','1991-03-27',3950,NULL,'2022-11-28 04:02:27','2022-11-28 04:02:27',12),(654,'Dr. Silas McDermott II','Wyman',1983,'Nefrólogo','1983-11-18',3950,NULL,'2022-11-28 04:02:27','2022-11-28 04:02:27',12),(655,'Murphy Morar','Gulgowski',1988,'Nefrólogo','1973-03-30',3950,NULL,'2022-11-28 04:02:27','2022-11-28 04:02:27',12),(656,'Francisca Block','Boyle',2010,'Nefrólogo','1984-12-28',3950,NULL,'2022-11-28 04:02:27','2022-11-28 04:02:27',12),(657,'Donnell Cronin','Heidenreich',1975,'Nefrólogo','1982-05-30',3950,NULL,'2022-11-28 04:02:27','2022-11-28 04:02:27',12),(658,'Dr. Merlin Erdman','Anderson',2001,'Nefrólogo','1978-05-24',3950,NULL,'2022-11-28 04:02:27','2022-11-28 04:02:27',12),(659,'Prof. Carter Beer I','Kuhlman',2022,'Nefrólogo','1970-05-10',3950,NULL,'2022-11-28 04:02:27','2022-11-28 04:02:27',12),(660,'Ramona Stoltenberg','Cummings',2014,'Nefrólogo','2014-11-10',3950,NULL,'2022-11-28 04:02:27','2022-11-28 04:02:27',12),(661,'Amelie Brekke','Lakin',2016,'Nefrólogo','1977-10-30',3950,NULL,'2022-11-28 04:02:27','2022-11-28 04:02:27',12),(662,'Clyde Armstrong','Bednar',2006,'Nefrólogo','1986-12-07',3950,NULL,'2022-11-28 04:02:27','2022-11-28 04:02:27',12),(663,'Dr. Osbaldo Schmidt','Goldner',1986,'Nefrólogo','2019-01-27',3950,NULL,'2022-11-28 04:02:27','2022-11-28 04:02:27',12),(664,'Johnny Hilpert','O\'Connell',2002,'Nefrólogo','1996-08-26',3950,NULL,'2022-11-28 04:02:27','2022-11-28 04:02:27',12),(665,'Mr. Harold Graham','Weber',1996,'Nefrólogo','2021-09-21',3950,NULL,'2022-11-28 04:02:27','2022-11-28 04:02:27',12),(666,'Peggie Koelpin','Little',2000,'Nefrólogo','2014-04-14',3950,NULL,'2022-11-28 04:02:27','2022-11-28 04:02:27',12),(667,'Madyson Feest','Jakubowski',1972,'Nefrólogo','1970-05-27',3950,NULL,'2022-11-28 04:02:27','2022-11-28 04:02:27',12),(668,'Jeanette Collins','Jacobs',2022,'Nefrólogo','2012-09-09',3950,NULL,'2022-11-28 04:02:27','2022-11-28 04:02:27',12),(669,'Janie Prosacco','Trantow',1978,'Nefrólogo','2021-08-24',3950,NULL,'2022-11-28 04:02:27','2022-11-28 04:02:27',12),(670,'Brennan McDermott','Gusikowski',2016,'Nefrólogo','2004-03-03',3950,NULL,'2022-11-28 04:02:27','2022-11-28 04:02:27',12),(671,'Mr. Travis Hegmann','Kutch',1974,'Nefrólogo','1975-05-06',3950,NULL,'2022-11-28 04:02:27','2022-11-28 04:02:27',12),(672,'Noble Skiles','Tillman',1994,'Nefrólogo','1984-12-21',3950,NULL,'2022-11-28 04:02:27','2022-11-28 04:02:27',12),(673,'Katarina Bergstrom','Wintheiser',1975,'Nefrólogo','2001-02-14',3950,NULL,'2022-11-28 04:02:27','2022-11-28 04:02:27',12),(674,'Alvina Towne','Weissnat',1974,'Nefrólogo','2013-08-17',3950,NULL,'2022-11-28 04:02:27','2022-11-28 04:02:27',12),(675,'Mikel Hyatt','Schiller',1987,'Nefrólogo','1987-11-25',3950,NULL,'2022-11-28 04:02:27','2022-11-28 04:02:27',12),(676,'Enos Ritchie','Simonis',1997,'Nefrólogo','2014-07-17',3950,NULL,'2022-11-28 04:02:27','2022-11-28 04:02:27',12),(677,'Chaya Sporer','Marks',1984,'Nefrólogo','1995-09-17',3950,NULL,'2022-11-28 04:02:27','2022-11-28 04:02:27',12),(678,'Elza Roob','Daugherty',1985,'Nefrólogo','1993-04-05',3950,NULL,'2022-11-28 04:02:27','2022-11-28 04:02:27',12),(679,'Casimer Roberts III','Reinger',1997,'Nefrólogo','1990-04-04',3950,NULL,'2022-11-28 04:02:27','2022-11-28 04:02:27',12),(680,'Miss Rubie Bode','Ernser',2006,'Nefrólogo','1985-07-08',3950,NULL,'2022-11-28 04:02:27','2022-11-28 04:02:27',12),(681,'Amanda Breitenberg','Harvey',1995,'Nefrólogo','1974-05-26',3950,NULL,'2022-11-28 04:02:27','2022-11-28 04:02:27',12),(682,'Crystal Baumbach','Fisher',1987,'Nefrólogo','1970-03-06',3950,NULL,'2022-11-28 04:02:27','2022-11-28 04:02:27',12),(683,'Brook Prohaska','Emard',2010,'Nefrólogo','1997-04-05',3950,NULL,'2022-11-28 04:02:27','2022-11-28 04:02:27',12),(684,'Hailey Friesen','Cummings',2020,'Nefrólogo','1997-11-01',3950,NULL,'2022-11-28 04:02:27','2022-11-28 04:02:27',12),(685,'Brionna Mohr','Blanda',1973,'Nefrólogo','1991-09-07',3950,NULL,'2022-11-28 04:02:27','2022-11-28 04:02:27',12),(686,'Birdie Heaney','Kuvalis',1972,'Nefrólogo','2002-12-13',3950,NULL,'2022-11-28 04:02:27','2022-11-28 04:02:27',12),(687,'Viva Hoeger','Harris',2004,'Nefrólogo','1986-09-05',3950,NULL,'2022-11-28 04:02:27','2022-11-28 04:02:27',12),(688,'Mr. Fritz Parker','White',1978,'Nefrólogo','2009-05-10',3950,NULL,'2022-11-28 04:02:27','2022-11-28 04:02:27',12),(689,'Prof. Camron Schuppe Jr.','Cole',2012,'Nefrólogo','2011-11-30',3950,NULL,'2022-11-28 04:02:27','2022-11-28 04:02:27',12),(690,'Rosemarie Sauer Sr.','Zemlak',1986,'Nefrólogo','1979-04-06',3950,NULL,'2022-11-28 04:02:27','2022-11-28 04:02:27',12),(691,'Kira Oberbrunner Jr.','Nader',1998,'Nefrólogo','1977-12-10',3950,NULL,'2022-11-28 04:02:27','2022-11-28 04:02:27',12),(692,'Augustine Jacobi','Cummings',1999,'Nefrólogo','2018-04-16',3950,NULL,'2022-11-28 04:02:27','2022-11-28 04:02:27',12),(693,'Mrs. Lelia Green PhD','Halvorson',2020,'Nefrólogo','2000-11-22',3950,NULL,'2022-11-28 04:02:27','2022-11-28 04:02:27',12),(694,'Edythe Bernier PhD','Gislason',1992,'Nefrólogo','1996-01-30',3950,NULL,'2022-11-28 04:02:27','2022-11-28 04:02:27',12),(695,'Lilian Windler MD','Dicki',2002,'Nefrólogo','2008-10-14',3950,NULL,'2022-11-28 04:02:27','2022-11-28 04:02:27',12),(696,'Tia Lebsack','Rogahn',2001,'Nefrólogo','1982-08-08',3950,NULL,'2022-11-28 04:02:27','2022-11-28 04:02:27',12),(697,'Bria Leuschke','Kunze',2019,'Nefrólogo','1975-03-02',3950,NULL,'2022-11-28 04:02:27','2022-11-28 04:02:27',12),(698,'Clemmie Kuhlman','Bauch',2021,'Nefrólogo','1985-07-07',3950,NULL,'2022-11-28 04:02:27','2022-11-28 04:02:27',12),(699,'Mrs. Eula O\'Hara PhD','Christiansen',1982,'Nefrólogo','1994-02-06',3950,NULL,'2022-11-28 04:02:27','2022-11-28 04:02:27',12),(700,'Tabitha Beer','Waters',1999,'Nefrólogo','1986-12-27',3950,NULL,'2022-11-28 04:02:27','2022-11-28 04:02:27',12),(701,'Ms. Vivianne Fahey IV','Mosciski',1991,'Hepatólogo','2008-06-26',3800,NULL,'2022-11-28 04:02:27','2022-11-28 04:02:27',13),(702,'Marianne Hagenes Sr.','Prosacco',2011,'Hepatólogo','2017-08-18',3800,NULL,'2022-11-28 04:02:27','2022-11-28 04:02:27',13),(703,'Ally Gottlieb','Christiansen',2016,'Hepatólogo','1986-09-15',3800,NULL,'2022-11-28 04:02:27','2022-11-28 04:02:27',13),(704,'Cora Swift','Ferry',1999,'Hepatólogo','2001-08-05',3800,NULL,'2022-11-28 04:02:27','2022-11-28 04:02:27',13),(705,'Kari Balistreri','Wolff',2019,'Hepatólogo','1993-07-12',3800,NULL,'2022-11-28 04:02:27','2022-11-28 04:02:27',13),(706,'Mrs. Lyla Borer II','Jenkins',1991,'Hepatólogo','1986-05-08',3800,NULL,'2022-11-28 04:02:27','2022-11-28 04:02:27',13),(707,'Dr. Alexandre McKenzie','Heathcote',1980,'Hepatólogo','1988-10-27',3800,NULL,'2022-11-28 04:02:27','2022-11-28 04:02:27',13),(708,'Josiane Bernier II','Kautzer',2021,'Hepatólogo','2012-08-26',3800,NULL,'2022-11-28 04:02:27','2022-11-28 04:02:27',13),(709,'Hiram Kuphal I','Moore',2005,'Hepatólogo','2022-05-12',3800,NULL,'2022-11-28 04:02:27','2022-11-28 04:02:27',13),(710,'Ford Bruen MD','Hills',1980,'Hepatólogo','2021-09-04',3800,NULL,'2022-11-28 04:02:27','2022-11-28 04:02:27',13),(711,'Leonie Emard','Bernhard',2013,'Hepatólogo','2022-10-16',3800,NULL,'2022-11-28 04:02:27','2022-11-28 04:02:27',13),(712,'Bethany Stracke','Lehner',2003,'Hepatólogo','1979-12-23',3800,NULL,'2022-11-28 04:02:27','2022-11-28 04:02:27',13),(713,'Mrs. Cecile Langosh V','Mosciski',2018,'Hepatólogo','1971-02-27',3800,NULL,'2022-11-28 04:02:27','2022-11-28 04:02:27',13),(714,'Hershel Larson','Wuckert',2015,'Hepatólogo','2021-08-20',3800,NULL,'2022-11-28 04:02:27','2022-11-28 04:02:27',13),(715,'Mariah Ankunding III','Glover',2003,'Hepatólogo','2007-05-03',3800,NULL,'2022-11-28 04:02:27','2022-11-28 04:02:27',13),(716,'Jarrod Weissnat II','Block',1972,'Hepatólogo','1975-02-23',3800,NULL,'2022-11-28 04:02:27','2022-11-28 04:02:27',13),(717,'Deja Volkman','Haley',1996,'Hepatólogo','1971-11-25',3800,NULL,'2022-11-28 04:02:27','2022-11-28 04:02:27',13),(718,'Dr. Katherine Larson II','Feeney',2019,'Hepatólogo','1996-04-12',3800,NULL,'2022-11-28 04:02:27','2022-11-28 04:02:27',13),(719,'Jay Harris','Walsh',1971,'Hepatólogo','2006-03-31',3800,NULL,'2022-11-28 04:02:27','2022-11-28 04:02:27',13),(720,'Prof. Jasen Schaden','Gleichner',2007,'Hepatólogo','1985-10-17',3800,NULL,'2022-11-28 04:02:27','2022-11-28 04:02:27',13),(721,'Filiberto Gleichner','Kihn',1991,'Hepatólogo','1984-08-20',3800,NULL,'2022-11-28 04:02:27','2022-11-28 04:02:27',13),(722,'Mr. Mathias Harber I','Romaguera',2005,'Hepatólogo','1997-04-28',3800,NULL,'2022-11-28 04:02:27','2022-11-28 04:02:27',13),(723,'Wendell Sauer','VonRueden',1991,'Hepatólogo','2021-08-15',3800,NULL,'2022-11-28 04:02:27','2022-11-28 04:02:27',13),(724,'Gillian Douglas V','Jakubowski',1998,'Hepatólogo','2015-10-19',3800,NULL,'2022-11-28 04:02:27','2022-11-28 04:02:27',13),(725,'Eugene Schultz','Denesik',1995,'Hepatólogo','2012-03-15',3800,NULL,'2022-11-28 04:02:27','2022-11-28 04:02:27',13),(726,'Millie Russel','Barrows',1984,'Hepatólogo','2015-07-21',3800,NULL,'2022-11-28 04:02:27','2022-11-28 04:02:27',13),(727,'Cleveland Rutherford','Turcotte',2000,'Hepatólogo','1978-08-19',3800,NULL,'2022-11-28 04:02:27','2022-11-28 04:02:27',13),(728,'Dr. Korey Quigley MD','Kuvalis',1989,'Hepatólogo','1991-08-15',3800,NULL,'2022-11-28 04:02:27','2022-11-28 04:02:27',13),(729,'Tanya Krajcik V','Davis',1996,'Hepatólogo','1999-08-01',3800,NULL,'2022-11-28 04:02:27','2022-11-28 04:02:27',13),(730,'Prof. Ike Lindgren','Von',1999,'Hepatólogo','2003-05-29',3800,NULL,'2022-11-28 04:02:27','2022-11-28 04:02:27',13),(731,'Marianna Johnston','Lemke',2013,'Hepatólogo','2016-07-26',3800,NULL,'2022-11-28 04:02:27','2022-11-28 04:02:27',13),(732,'Ubaldo Farrell DDS','Pagac',2011,'Hepatólogo','1980-01-01',3800,NULL,'2022-11-28 04:02:27','2022-11-28 04:02:27',13),(733,'Alvah King','McLaughlin',1982,'Hepatólogo','1971-01-21',3800,NULL,'2022-11-28 04:02:27','2022-11-28 04:02:27',13),(734,'Natalie Schimmel PhD','Oberbrunner',1973,'Hepatólogo','2000-07-25',3800,NULL,'2022-11-28 04:02:27','2022-11-28 04:02:27',13),(735,'Ms. Lyda Hyatt','Gibson',1996,'Hepatólogo','1986-10-29',3800,NULL,'2022-11-28 04:02:27','2022-11-28 04:02:27',13),(736,'Osbaldo Spencer','Shanahan',2015,'Hepatólogo','2022-11-04',3800,NULL,'2022-11-28 04:02:27','2022-11-28 04:02:27',13),(737,'Morris Kunze','Kovacek',2021,'Hepatólogo','2018-11-16',3800,NULL,'2022-11-28 04:02:27','2022-11-28 04:02:27',13),(738,'Edythe Glover','Fritsch',2005,'Hepatólogo','2019-10-17',3800,NULL,'2022-11-28 04:02:27','2022-11-28 04:02:27',13),(739,'Filomena Hintz MD','Runte',2005,'Hepatólogo','1982-03-05',3800,NULL,'2022-11-28 04:02:27','2022-11-28 04:02:27',13),(740,'Dr. Eula Zulauf PhD','Wiegand',1976,'Hepatólogo','2007-11-05',3800,NULL,'2022-11-28 04:02:27','2022-11-28 04:02:27',13),(741,'Miss Aurelia Heaney DVM','Runolfsdottir',1984,'Hepatólogo','2006-03-26',3800,NULL,'2022-11-28 04:02:27','2022-11-28 04:02:27',13),(742,'Prof. Troy Spencer PhD','Weber',1999,'Hepatólogo','1973-06-27',3800,NULL,'2022-11-28 04:02:27','2022-11-28 04:02:27',13),(743,'Aidan Prosacco','Beer',2018,'Hepatólogo','2022-01-17',3800,NULL,'2022-11-28 04:02:27','2022-11-28 04:02:27',13),(744,'Avis Krajcik','Reilly',2003,'Hepatólogo','1998-03-28',3800,NULL,'2022-11-28 04:02:27','2022-11-28 04:02:27',13),(745,'Olen Sipes II','Mitchell',1986,'Hepatólogo','2016-09-06',3800,NULL,'2022-11-28 04:02:27','2022-11-28 04:02:27',13),(746,'Jena Harris','Fadel',1976,'Hepatólogo','1994-10-15',3800,NULL,'2022-11-28 04:02:27','2022-11-28 04:02:27',13),(747,'Brody Carroll','Smitham',1981,'Hepatólogo','1993-05-18',3800,NULL,'2022-11-28 04:02:27','2022-11-28 04:02:27',13),(748,'Ms. Genesis Borer','Effertz',2011,'Hepatólogo','2017-07-25',3800,NULL,'2022-11-28 04:02:27','2022-11-28 04:02:27',13),(749,'Maudie Block MD','Robel',1989,'Hepatólogo','1984-06-30',3800,NULL,'2022-11-28 04:02:27','2022-11-28 04:02:27',13),(750,'Howell Ortiz II','Ortiz',2016,'Hepatólogo','1985-10-18',3800,NULL,'2022-11-28 04:02:27','2022-11-28 04:02:27',13),(751,'Otho Wilkinson','Reilly',1998,'Hematólogo','2020-01-20',3950,NULL,'2022-11-28 04:02:27','2022-11-28 04:02:27',14),(752,'Jon Roob','Hills',2015,'Hematólogo','1971-11-23',3950,NULL,'2022-11-28 04:02:27','2022-11-28 04:02:27',14),(753,'Dr. Donnie Marquardt I','Roberts',1982,'Hematólogo','2018-05-26',3950,NULL,'2022-11-28 04:02:27','2022-11-28 04:02:27',14),(754,'Robyn Bradtke','Zulauf',2007,'Hematólogo','2010-07-03',3950,NULL,'2022-11-28 04:02:27','2022-11-28 04:02:27',14),(755,'Miss Audreanne Ritchie I','O\'Conner',1989,'Hematólogo','2017-04-08',3950,NULL,'2022-11-28 04:02:27','2022-11-28 04:02:27',14),(756,'Rosalia Heller PhD','Murray',2005,'Hematólogo','2003-11-18',3950,NULL,'2022-11-28 04:02:27','2022-11-28 04:02:27',14),(757,'Prof. Mable Murphy I','Franecki',1986,'Hematólogo','2011-01-31',3950,NULL,'2022-11-28 04:02:27','2022-11-28 04:02:27',14),(758,'Prof. Delilah Corkery V','Bradtke',1976,'Hematólogo','2008-07-20',3950,NULL,'2022-11-28 04:02:27','2022-11-28 04:02:27',14),(759,'Prof. Ignacio Paucek III','McClure',1976,'Hematólogo','1999-01-10',3950,NULL,'2022-11-28 04:02:27','2022-11-28 04:02:27',14),(760,'Prof. Reymundo Blanda','Kiehn',1995,'Hematólogo','1994-07-16',3950,NULL,'2022-11-28 04:02:27','2022-11-28 04:02:27',14),(761,'Ava Carroll DDS','Reinger',2013,'Hematólogo','2004-05-27',3950,NULL,'2022-11-28 04:02:27','2022-11-28 04:02:27',14),(762,'Mr. Orlando Pollich','Littel',2007,'Hematólogo','1988-10-05',3950,NULL,'2022-11-28 04:02:28','2022-11-28 04:02:28',14),(763,'Dr. Vidal Metz','Mohr',2005,'Hematólogo','2004-08-16',3950,NULL,'2022-11-28 04:02:28','2022-11-28 04:02:28',14),(764,'Shad Mayert','Hessel',2014,'Hematólogo','1972-11-29',3950,NULL,'2022-11-28 04:02:28','2022-11-28 04:02:28',14),(765,'Kirk Braun II','Ortiz',1992,'Hematólogo','1998-12-08',3950,NULL,'2022-11-28 04:02:28','2022-11-28 04:02:28',14),(766,'Neil Boehm','Jones',2016,'Hematólogo','2002-07-31',3950,NULL,'2022-11-28 04:02:28','2022-11-28 04:02:28',14),(767,'Aliza Lakin','Davis',2014,'Hematólogo','1977-11-27',3950,NULL,'2022-11-28 04:02:28','2022-11-28 04:02:28',14),(768,'Duane Schaden','Paucek',1997,'Hematólogo','2022-06-22',3950,NULL,'2022-11-28 04:02:28','2022-11-28 04:02:28',14),(769,'Wilmer Parker V','Sporer',1981,'Hematólogo','2002-02-25',3950,NULL,'2022-11-28 04:02:28','2022-11-28 04:02:28',14),(770,'Dr. Sonny Kub Jr.','Streich',2018,'Hematólogo','1987-12-04',3950,NULL,'2022-11-28 04:02:28','2022-11-28 04:02:28',14),(771,'Prof. Kyler Kuphal','Hane',1976,'Hematólogo','1974-12-18',3950,NULL,'2022-11-28 04:02:28','2022-11-28 04:02:28',14),(772,'Aisha Homenick DVM','Weissnat',1980,'Hematólogo','2008-05-08',3950,NULL,'2022-11-28 04:02:28','2022-11-28 04:02:28',14),(773,'Mr. Oliver Hills PhD','Steuber',2017,'Hematólogo','2003-12-30',3950,NULL,'2022-11-28 04:02:28','2022-11-28 04:02:28',14),(774,'Eve Hoeger','Farrell',2012,'Hematólogo','2022-10-13',3950,NULL,'2022-11-28 04:02:28','2022-11-28 04:02:28',14),(775,'Mr. Deron Cassin','Rowe',1982,'Hematólogo','2008-01-12',3950,NULL,'2022-11-28 04:02:28','2022-11-28 04:02:28',14),(776,'Dr. Aurelia Larkin','Lynch',1972,'Hematólogo','2009-10-14',3950,NULL,'2022-11-28 04:02:28','2022-11-28 04:02:28',14),(777,'Vern Pacocha V','Zboncak',2020,'Hematólogo','2019-08-16',3950,NULL,'2022-11-28 04:02:28','2022-11-28 04:02:28',14),(778,'Prof. Ted Schumm V','Dickens',1986,'Hematólogo','2019-01-26',3950,NULL,'2022-11-28 04:02:28','2022-11-28 04:02:28',14),(779,'Elena O\'Conner','Upton',2022,'Hematólogo','2008-01-17',3950,NULL,'2022-11-28 04:02:28','2022-11-28 04:02:28',14),(780,'Edward Jast','Goodwin',2018,'Hematólogo','2021-07-25',3950,NULL,'2022-11-28 04:02:28','2022-11-28 04:02:28',14),(781,'Stan Heidenreich','Lind',1986,'Hematólogo','2010-01-13',3950,NULL,'2022-11-28 04:02:28','2022-11-28 04:02:28',14),(782,'Richie Abbott','Hyatt',2006,'Hematólogo','1976-06-04',3950,NULL,'2022-11-28 04:02:28','2022-11-28 04:02:28',14),(783,'Ms. Christiana Abernathy','Fritsch',2001,'Hematólogo','1979-07-12',3950,NULL,'2022-11-28 04:02:28','2022-11-28 04:02:28',14),(784,'Brody Kemmer','Blick',1997,'Hematólogo','2004-11-27',3950,NULL,'2022-11-28 04:02:28','2022-11-28 04:02:28',14),(785,'Leonel Crist','Tremblay',1972,'Hematólogo','2008-07-22',3950,NULL,'2022-11-28 04:02:28','2022-11-28 04:02:28',14),(786,'Cruz Schulist','Prosacco',1982,'Hematólogo','2003-07-29',3950,NULL,'2022-11-28 04:02:28','2022-11-28 04:02:28',14),(787,'Ryleigh Stokes','Homenick',1974,'Hematólogo','2017-02-15',3950,NULL,'2022-11-28 04:02:28','2022-11-28 04:02:28',14),(788,'Deontae O\'Connell III','O\'Keefe',1972,'Hematólogo','1997-05-14',3950,NULL,'2022-11-28 04:02:28','2022-11-28 04:02:28',14),(789,'Prof. Kamille Monahan V','Williamson',1984,'Hematólogo','1976-04-10',3950,NULL,'2022-11-28 04:02:28','2022-11-28 04:02:28',14),(790,'Shanna Friesen','Prohaska',1990,'Hematólogo','2010-04-28',3950,NULL,'2022-11-28 04:02:28','2022-11-28 04:02:28',14),(791,'Mr. Avery Nader DVM','Ryan',2005,'Hematólogo','1972-08-09',3950,NULL,'2022-11-28 04:02:28','2022-11-28 04:02:28',14),(792,'Ezekiel Abernathy','Schuster',2017,'Hematólogo','1987-08-19',3950,NULL,'2022-11-28 04:02:28','2022-11-28 04:02:28',14),(793,'Leanne Ratke','Kovacek',2014,'Hematólogo','2014-06-13',3950,NULL,'2022-11-28 04:02:28','2022-11-28 04:02:28',14),(794,'Prof. Hayden Kirlin','Brown',1974,'Hematólogo','2014-08-21',3950,NULL,'2022-11-28 04:02:28','2022-11-28 04:02:28',14),(795,'Fay Nikolaus','Marks',1994,'Hematólogo','1985-03-11',3950,NULL,'2022-11-28 04:02:28','2022-11-28 04:02:28',14),(796,'Jordi Ernser','Langosh',1988,'Hematólogo','2006-08-23',3950,NULL,'2022-11-28 04:02:28','2022-11-28 04:02:28',14),(797,'Jaylan Baumbach','Schroeder',1994,'Hematólogo','1979-04-06',3950,NULL,'2022-11-28 04:02:28','2022-11-28 04:02:28',14),(798,'Jerod Collins','Mertz',2012,'Hematólogo','2005-07-07',3950,NULL,'2022-11-28 04:02:28','2022-11-28 04:02:28',14),(799,'Dr. Lois Erdman II','Stanton',2008,'Hematólogo','1980-12-19',3950,NULL,'2022-11-28 04:02:28','2022-11-28 04:02:28',14),(800,'Mr. Justice Mraz III','Koss',1990,'Hematólogo','1982-11-27',3950,NULL,'2022-11-28 04:02:28','2022-11-28 04:02:28',14),(801,'Ms. Lynn Cruickshank PhD','Weissnat',1980,'Gastroenterólogo','1979-03-16',3880,NULL,'2022-11-28 04:02:28','2022-11-28 04:02:28',15),(802,'Nellie Nienow','Feeney',2020,'Gastroenterólogo','2009-11-11',3880,NULL,'2022-11-28 04:02:28','2022-11-28 04:02:28',15),(803,'Eugene Erdman','Dare',1984,'Gastroenterólogo','2011-01-01',3880,NULL,'2022-11-28 04:02:28','2022-11-28 04:02:28',15),(804,'Manuel Monahan','Cormier',2000,'Gastroenterólogo','2009-08-24',3880,NULL,'2022-11-28 04:02:28','2022-11-28 04:02:28',15),(805,'Kirstin Marks','Flatley',1974,'Gastroenterólogo','1988-07-27',3880,NULL,'2022-11-28 04:02:28','2022-11-28 04:02:28',15),(806,'Mr. Arch Jenkins','Ernser',1982,'Gastroenterólogo','1981-12-19',3880,NULL,'2022-11-28 04:02:28','2022-11-28 04:02:28',15),(807,'Vincenzo Fisher','Treutel',2013,'Gastroenterólogo','2007-05-08',3880,NULL,'2022-11-28 04:02:28','2022-11-28 04:02:28',15),(808,'Santa Skiles','Erdman',2009,'Gastroenterólogo','1973-01-11',3880,NULL,'2022-11-28 04:02:28','2022-11-28 04:02:28',15),(809,'Terrence Stracke III','Goyette',1970,'Gastroenterólogo','2018-01-13',3880,NULL,'2022-11-28 04:02:28','2022-11-28 04:02:28',15),(810,'Dr. Frederique Kshlerin MD','Schaefer',1976,'Gastroenterólogo','2017-06-13',3880,NULL,'2022-11-28 04:02:28','2022-11-28 04:02:28',15),(811,'Arvid Stroman','Stamm',1987,'Gastroenterólogo','1979-03-02',3880,NULL,'2022-11-28 04:02:28','2022-11-28 04:02:28',15),(812,'Mr. Edgar Schimmel DVM','Robel',2012,'Gastroenterólogo','2004-08-26',3880,NULL,'2022-11-28 04:02:28','2022-11-28 04:02:28',15),(813,'Prof. Lawrence Hand','Schroeder',1987,'Gastroenterólogo','2020-04-22',3880,NULL,'2022-11-28 04:02:28','2022-11-28 04:02:28',15),(814,'Mr. Henderson Yundt','Will',2009,'Gastroenterólogo','2004-02-19',3880,NULL,'2022-11-28 04:02:28','2022-11-28 04:02:28',15),(815,'Kianna Schimmel','Reilly',2021,'Gastroenterólogo','1986-11-20',3880,NULL,'2022-11-28 04:02:28','2022-11-28 04:02:28',15),(816,'Mr. Hiram Hayes Jr.','Parisian',2020,'Gastroenterólogo','1976-10-29',3880,NULL,'2022-11-28 04:02:28','2022-11-28 04:02:28',15),(817,'Carlos Skiles','Wilderman',2015,'Gastroenterólogo','1993-09-24',3880,NULL,'2022-11-28 04:02:28','2022-11-28 04:02:28',15),(818,'Polly Paucek V','Mraz',1989,'Gastroenterólogo','1998-02-19',3880,NULL,'2022-11-28 04:02:28','2022-11-28 04:02:28',15),(819,'Ubaldo Morissette','Harber',1994,'Gastroenterólogo','2007-07-02',3880,NULL,'2022-11-28 04:02:28','2022-11-28 04:02:28',15),(820,'Olaf McClure','Ruecker',2014,'Gastroenterólogo','2021-02-24',3880,NULL,'2022-11-28 04:02:28','2022-11-28 04:02:28',15),(821,'Jody Hessel','Leuschke',2017,'Gastroenterólogo','2006-03-06',3880,NULL,'2022-11-28 04:02:28','2022-11-28 04:02:28',15),(822,'Imelda Koch','Schumm',1988,'Gastroenterólogo','2003-10-25',3880,NULL,'2022-11-28 04:02:28','2022-11-28 04:02:28',15),(823,'Ulices Konopelski','Connelly',2005,'Gastroenterólogo','1999-04-27',3880,NULL,'2022-11-28 04:02:28','2022-11-28 04:02:28',15),(824,'Prof. Devon Hessel DDS','Huels',1982,'Gastroenterólogo','2002-02-01',3880,NULL,'2022-11-28 04:02:28','2022-11-28 04:02:28',15),(825,'Aric Ondricka','Romaguera',2012,'Gastroenterólogo','2011-02-21',3880,NULL,'2022-11-28 04:02:28','2022-11-28 04:02:28',15),(826,'Everette Heller','Langosh',1992,'Gastroenterólogo','1976-09-13',3880,NULL,'2022-11-28 04:02:28','2022-11-28 04:02:28',15),(827,'Jaren Torp','Grady',1992,'Gastroenterólogo','2018-05-02',3880,NULL,'2022-11-28 04:02:28','2022-11-28 04:02:28',15),(828,'Herta Price','Wolff',2016,'Gastroenterólogo','1972-11-23',3880,NULL,'2022-11-28 04:02:28','2022-11-28 04:02:28',15),(829,'Joan Von III','Schowalter',2012,'Gastroenterólogo','2019-08-09',3880,NULL,'2022-11-28 04:02:28','2022-11-28 04:02:28',15),(830,'Rhiannon Smitham','Huels',1984,'Gastroenterólogo','1979-11-23',3880,NULL,'2022-11-28 04:02:28','2022-11-28 04:02:28',15),(831,'Kattie Bogisich','Donnelly',1976,'Gastroenterólogo','2000-08-27',3880,NULL,'2022-11-28 04:02:28','2022-11-28 04:02:28',15),(832,'Candida Shanahan','Hermiston',2019,'Gastroenterólogo','1970-01-22',3880,NULL,'2022-11-28 04:02:28','2022-11-28 04:02:28',15),(833,'Alexane Willms','Hudson',1980,'Gastroenterólogo','2010-03-26',3880,NULL,'2022-11-28 04:02:28','2022-11-28 04:02:28',15),(834,'Gordon Little','Lind',1983,'Gastroenterólogo','1993-04-10',3880,NULL,'2022-11-28 04:02:28','2022-11-28 04:02:28',15),(835,'Prof. Billy Schaden Jr.','Gislason',1971,'Gastroenterólogo','2003-05-04',3880,NULL,'2022-11-28 04:02:28','2022-11-28 04:02:28',15),(836,'Josue Funk','Gutkowski',1977,'Gastroenterólogo','2004-03-03',3880,NULL,'2022-11-28 04:02:28','2022-11-28 04:02:28',15),(837,'Breana Wolff DDS','Rogahn',1996,'Gastroenterólogo','2007-10-31',3880,NULL,'2022-11-28 04:02:28','2022-11-28 04:02:28',15),(838,'Arnold Flatley III','Farrell',2016,'Gastroenterólogo','1994-01-11',3880,NULL,'2022-11-28 04:02:28','2022-11-28 04:02:28',15),(839,'Reginald Grimes','Kuhic',1989,'Gastroenterólogo','1993-08-25',3880,NULL,'2022-11-28 04:02:28','2022-11-28 04:02:28',15),(840,'Princess Gerlach DDS','Crona',1985,'Gastroenterólogo','1976-01-18',3880,NULL,'2022-11-28 04:02:28','2022-11-28 04:02:28',15),(841,'Abbey Ullrich','Flatley',2015,'Gastroenterólogo','2001-06-06',3880,NULL,'2022-11-28 04:02:28','2022-11-28 04:02:28',15),(842,'Scot Schmeler','Mayer',2019,'Gastroenterólogo','1992-10-03',3880,NULL,'2022-11-28 04:02:28','2022-11-28 04:02:28',15),(843,'Mr. Cory Stanton','Cummerata',1977,'Gastroenterólogo','1973-08-30',3880,NULL,'2022-11-28 04:02:28','2022-11-28 04:02:28',15),(844,'Esteban Cronin','Brakus',1996,'Gastroenterólogo','1992-10-28',3880,NULL,'2022-11-28 04:02:28','2022-11-28 04:02:28',15),(845,'Grace Johnson II','Effertz',2008,'Gastroenterólogo','1997-08-20',3880,NULL,'2022-11-28 04:02:28','2022-11-28 04:02:28',15),(846,'Prof. Kenyon Herzog MD','Schmidt',1981,'Gastroenterólogo','1974-08-14',3880,NULL,'2022-11-28 04:02:28','2022-11-28 04:02:28',15),(847,'Dr. Laisha Kovacek V','Lindgren',1993,'Gastroenterólogo','1986-03-26',3880,NULL,'2022-11-28 04:02:28','2022-11-28 04:02:28',15),(848,'Luella Dicki','Bode',1994,'Gastroenterólogo','2001-09-24',3880,NULL,'2022-11-28 04:02:28','2022-11-28 04:02:28',15),(849,'Sienna Little','DuBuque',1990,'Gastroenterólogo','2000-11-08',3880,NULL,'2022-11-28 04:02:28','2022-11-28 04:02:28',15),(850,'Declan Rowe','Bogisich',1983,'Gastroenterólogo','2007-05-09',3880,NULL,'2022-11-28 04:02:28','2022-11-28 04:02:28',15),(851,'Winfield Mueller','Barrows',1990,'Endocrinólogo','2007-06-12',3999,NULL,'2022-11-28 04:02:28','2022-11-28 04:02:28',16),(852,'Ms. Marlen Mayer V','Auer',1997,'Endocrinólogo','2001-07-12',3999,NULL,'2022-11-28 04:02:28','2022-11-28 04:02:28',16),(853,'Shaniya Hodkiewicz','Schaden',1983,'Endocrinólogo','2019-08-13',3999,NULL,'2022-11-28 04:02:28','2022-11-28 04:02:28',16),(854,'Ola Kertzmann','Brakus',1980,'Endocrinólogo','2022-02-20',3999,NULL,'2022-11-28 04:02:28','2022-11-28 04:02:28',16),(855,'Delphia Koepp','Blick',1992,'Endocrinólogo','1986-07-23',3999,NULL,'2022-11-28 04:02:28','2022-11-28 04:02:28',16),(856,'Moriah Hane','Schoen',2018,'Endocrinólogo','1988-10-04',3999,NULL,'2022-11-28 04:02:28','2022-11-28 04:02:28',16),(857,'Emiliano Kozey','Ernser',1982,'Endocrinólogo','2002-02-14',3999,NULL,'2022-11-28 04:02:28','2022-11-28 04:02:28',16),(858,'Mrs. Savanah Mosciski V','Frami',1981,'Endocrinólogo','1970-04-25',3999,NULL,'2022-11-28 04:02:28','2022-11-28 04:02:28',16),(859,'Mr. Jensen Lakin','Turner',1979,'Endocrinólogo','2005-05-03',3999,NULL,'2022-11-28 04:02:28','2022-11-28 04:02:28',16),(860,'Prof. Vivienne Brekke Jr.','Wolff',1981,'Endocrinólogo','2020-12-21',3999,NULL,'2022-11-28 04:02:28','2022-11-28 04:02:28',16),(861,'Audra Thompson','Cole',1990,'Endocrinólogo','1984-05-04',3999,NULL,'2022-11-28 04:02:28','2022-11-28 04:02:28',16),(862,'Kieran Walsh','Howell',2013,'Endocrinólogo','1998-05-31',3999,NULL,'2022-11-28 04:02:28','2022-11-28 04:02:28',16),(863,'Cassandre Haag','Cruickshank',2009,'Endocrinólogo','1984-11-20',3999,NULL,'2022-11-28 04:02:28','2022-11-28 04:02:28',16),(864,'Marcelino Nader','Heidenreich',1991,'Endocrinólogo','2020-08-13',3999,NULL,'2022-11-28 04:02:28','2022-11-28 04:02:28',16),(865,'Etha Bednar','Mayer',1978,'Endocrinólogo','1985-06-18',3999,NULL,'2022-11-28 04:02:28','2022-11-28 04:02:28',16),(866,'Demond Zboncak','Bernier',2017,'Endocrinólogo','1986-11-12',3999,NULL,'2022-11-28 04:02:28','2022-11-28 04:02:28',16),(867,'Pauline Wehner','Stiedemann',1970,'Endocrinólogo','1970-12-18',3999,NULL,'2022-11-28 04:02:28','2022-11-28 04:02:28',16),(868,'Jovan Ernser','Romaguera',2016,'Endocrinólogo','2009-12-13',3999,NULL,'2022-11-28 04:02:28','2022-11-28 04:02:28',16),(869,'Wiley Ortiz','Parker',1972,'Endocrinólogo','1989-03-12',3999,NULL,'2022-11-28 04:02:28','2022-11-28 04:02:28',16),(870,'Conner Stokes','Schuster',2014,'Endocrinólogo','2014-01-19',3999,NULL,'2022-11-28 04:02:28','2022-11-28 04:02:28',16),(871,'Kale Jacobi Jr.','Cartwright',1997,'Endocrinólogo','2014-06-29',3999,NULL,'2022-11-28 04:02:28','2022-11-28 04:02:28',16),(872,'Lewis Purdy IV','Sipes',1987,'Endocrinólogo','1982-11-20',3999,NULL,'2022-11-28 04:02:28','2022-11-28 04:02:28',16),(873,'Coty Connelly','Gleason',1970,'Endocrinólogo','1997-06-30',3999,NULL,'2022-11-28 04:02:28','2022-11-28 04:02:28',16),(874,'Sabina Olson','Willms',1993,'Endocrinólogo','2017-01-05',3999,NULL,'2022-11-28 04:02:28','2022-11-28 04:02:28',16),(875,'Dee Jenkins PhD','Macejkovic',1978,'Endocrinólogo','1995-05-11',3999,NULL,'2022-11-28 04:02:28','2022-11-28 04:02:28',16),(876,'Isidro Rohan','Donnelly',2003,'Endocrinólogo','2006-06-26',3999,NULL,'2022-11-28 04:02:28','2022-11-28 04:02:28',16),(877,'Dee Reichert','Nader',1995,'Endocrinólogo','1999-10-13',3999,NULL,'2022-11-28 04:02:28','2022-11-28 04:02:28',16),(878,'Mrs. Hilma Mayert DVM','Bogisich',1981,'Endocrinólogo','1978-02-25',3999,NULL,'2022-11-28 04:02:28','2022-11-28 04:02:28',16),(879,'Beau Boehm','Powlowski',1997,'Endocrinólogo','1993-08-16',3999,NULL,'2022-11-28 04:02:28','2022-11-28 04:02:28',16),(880,'Bill Lind','Kunze',1995,'Endocrinólogo','2018-01-22',3999,NULL,'2022-11-28 04:02:28','2022-11-28 04:02:28',16),(881,'Miss Delores Wisoky I','Treutel',2016,'Endocrinólogo','2001-05-14',3999,NULL,'2022-11-28 04:02:28','2022-11-28 04:02:28',16),(882,'Mrs. Patience O\'Keefe','Kuhic',1998,'Endocrinólogo','1977-02-03',3999,NULL,'2022-11-28 04:02:28','2022-11-28 04:02:28',16),(883,'Kennith Boyer','Howell',1971,'Endocrinólogo','1979-07-29',3999,NULL,'2022-11-28 04:02:28','2022-11-28 04:02:28',16),(884,'Dr. Watson Gislason','Hodkiewicz',1978,'Endocrinólogo','2006-06-16',3999,NULL,'2022-11-28 04:02:28','2022-11-28 04:02:28',16),(885,'Prof. Bret Johnson DVM','Schneider',1999,'Endocrinólogo','1988-11-08',3999,NULL,'2022-11-28 04:02:28','2022-11-28 04:02:28',16),(886,'Maggie McGlynn','Christiansen',2011,'Endocrinólogo','1974-07-25',3999,NULL,'2022-11-28 04:02:28','2022-11-28 04:02:28',16),(887,'Dr. Maybelle Hagenes','Graham',2006,'Endocrinólogo','2018-08-27',3999,NULL,'2022-11-28 04:02:28','2022-11-28 04:02:28',16),(888,'Prof. Ben Bartell','Daugherty',2012,'Endocrinólogo','2018-10-16',3999,NULL,'2022-11-28 04:02:28','2022-11-28 04:02:28',16),(889,'Janiya Kuvalis','Ernser',2016,'Endocrinólogo','2005-05-01',3999,NULL,'2022-11-28 04:02:28','2022-11-28 04:02:28',16),(890,'Bridgette Ondricka','Lesch',1986,'Endocrinólogo','1991-11-27',3999,NULL,'2022-11-28 04:02:28','2022-11-28 04:02:28',16),(891,'Davion Klocko','Heidenreich',2008,'Endocrinólogo','2003-05-06',3999,NULL,'2022-11-28 04:02:28','2022-11-28 04:02:28',16),(892,'Titus Schowalter','Cummerata',2008,'Endocrinólogo','1995-12-07',3999,NULL,'2022-11-28 04:02:28','2022-11-28 04:02:28',16),(893,'Dr. Mackenzie Rodriguez DDS','Stracke',1981,'Endocrinólogo','2014-05-02',3999,NULL,'2022-11-28 04:02:28','2022-11-28 04:02:28',16),(894,'Mrs. Marjolaine Leuschke Sr.','Cormier',2001,'Endocrinólogo','1993-05-08',3999,NULL,'2022-11-28 04:02:28','2022-11-28 04:02:28',16),(895,'Elwin Considine','Friesen',1980,'Endocrinólogo','2000-12-14',3999,NULL,'2022-11-28 04:02:28','2022-11-28 04:02:28',16),(896,'Heidi Hettinger','Dach',2006,'Endocrinólogo','1972-09-23',3999,NULL,'2022-11-28 04:02:28','2022-11-28 04:02:28',16),(897,'Prof. Fredrick Terry','Pfannerstill',1990,'Endocrinólogo','1979-04-24',3999,NULL,'2022-11-28 04:02:28','2022-11-28 04:02:28',16),(898,'Norberto Collier','Dibbert',2004,'Endocrinólogo','2016-09-11',3999,NULL,'2022-11-28 04:02:28','2022-11-28 04:02:28',16),(899,'Seamus Cremin','Crist',2020,'Endocrinólogo','1986-01-11',3999,NULL,'2022-11-28 04:02:28','2022-11-28 04:02:28',16),(900,'Prof. Krystina Turner','Tromp',1973,'Endocrinólogo','1976-04-19',3999,NULL,'2022-11-28 04:02:28','2022-11-28 04:02:28',16),(901,'Prof. Iva Hintz','Deckow',2005,'Forense','1973-02-05',3750,NULL,'2022-11-28 04:02:28','2022-11-28 04:02:28',17),(902,'Keith Runte','Stoltenberg',1972,'Forense','2011-05-15',3750,NULL,'2022-11-28 04:02:28','2022-11-28 04:02:28',17),(903,'Kevin Kshlerin','Stokes',2012,'Forense','1974-03-02',3750,NULL,'2022-11-28 04:02:28','2022-11-28 04:02:28',17),(904,'Destin Corkery MD','Collins',1996,'Forense','2019-09-15',3750,NULL,'2022-11-28 04:02:28','2022-11-28 04:02:28',17),(905,'Kylie Mertz','Cummings',2013,'Forense','2008-03-30',3750,NULL,'2022-11-28 04:02:28','2022-11-28 04:02:28',17),(906,'Noemi Pfannerstill','Kihn',1984,'Forense','2022-01-31',3750,NULL,'2022-11-28 04:02:28','2022-11-28 04:02:28',17),(907,'Jaqueline Goldner','Gulgowski',2018,'Forense','1971-01-16',3750,NULL,'2022-11-28 04:02:28','2022-11-28 04:02:28',17),(908,'Brittany Beahan','Hudson',1983,'Forense','2017-09-03',3750,NULL,'2022-11-28 04:02:28','2022-11-28 04:02:28',17),(909,'Ms. Noemie Crist IV','Feest',1978,'Forense','1991-02-01',3750,NULL,'2022-11-28 04:02:28','2022-11-28 04:02:28',17),(910,'Mr. Gregorio Barrows V','West',1971,'Forense','1990-10-09',3750,NULL,'2022-11-28 04:02:28','2022-11-28 04:02:28',17),(911,'Carlee Barton MD','Hagenes',2000,'Forense','2016-08-06',3750,NULL,'2022-11-28 04:02:28','2022-11-28 04:02:28',17),(912,'Haylie Beahan','Batz',2002,'Forense','2004-01-15',3750,NULL,'2022-11-28 04:02:28','2022-11-28 04:02:28',17),(913,'Easton Padberg','Sawayn',1989,'Forense','1979-09-07',3750,NULL,'2022-11-28 04:02:28','2022-11-28 04:02:28',17),(914,'Zella Tromp','Hirthe',1980,'Forense','2001-05-20',3750,NULL,'2022-11-28 04:02:28','2022-11-28 04:02:28',17),(915,'Xavier Mann','Green',2008,'Forense','2009-04-08',3750,NULL,'2022-11-28 04:02:28','2022-11-28 04:02:28',17),(916,'Carol Williamson IV','Hickle',1991,'Forense','1994-12-12',3750,NULL,'2022-11-28 04:02:28','2022-11-28 04:02:28',17),(917,'Miss Caitlyn Morissette','Kemmer',1995,'Forense','1991-04-26',3750,NULL,'2022-11-28 04:02:28','2022-11-28 04:02:28',17),(918,'Clarabelle Deckow','Klocko',2015,'Forense','2002-12-03',3750,NULL,'2022-11-28 04:02:28','2022-11-28 04:02:28',17),(919,'Louie Runolfsson Jr.','Lowe',2017,'Forense','1983-11-25',3750,NULL,'2022-11-28 04:02:28','2022-11-28 04:02:28',17),(920,'Prof. Mary Streich PhD','Schaefer',1992,'Forense','1984-09-08',3750,NULL,'2022-11-28 04:02:28','2022-11-28 04:02:28',17),(921,'Christy Conroy V','Kreiger',1987,'Forense','1976-03-20',3750,NULL,'2022-11-28 04:02:28','2022-11-28 04:02:28',17),(922,'Prof. Claude Jones MD','Morar',2004,'Forense','1982-05-17',3750,NULL,'2022-11-28 04:02:28','2022-11-28 04:02:28',17),(923,'Mrs. Myra Wilkinson','Jacobs',1976,'Forense','1981-07-27',3750,NULL,'2022-11-28 04:02:28','2022-11-28 04:02:28',17),(924,'Grace Ebert','Fay',2019,'Forense','2008-12-21',3750,NULL,'2022-11-28 04:02:28','2022-11-28 04:02:28',17),(925,'Allison Rempel','Oberbrunner',1970,'Forense','2021-07-25',3750,NULL,'2022-11-28 04:02:28','2022-11-28 04:02:28',17),(926,'Leonor Rath','Lindgren',1983,'Forense','2006-03-06',3750,NULL,'2022-11-28 04:02:28','2022-11-28 04:02:28',17),(927,'Ivah Bode','Gislason',1978,'Forense','2016-06-07',3750,NULL,'2022-11-28 04:02:28','2022-11-28 04:02:28',17),(928,'Paris Jacobson','Kozey',1998,'Forense','1997-01-16',3750,NULL,'2022-11-28 04:02:28','2022-11-28 04:02:28',17),(929,'Dr. Jovany Larkin I','Brekke',1984,'Forense','2022-10-24',3750,NULL,'2022-11-28 04:02:28','2022-11-28 04:02:28',17),(930,'Etha Macejkovic MD','Emard',1986,'Forense','2003-06-24',3750,NULL,'2022-11-28 04:02:28','2022-11-28 04:02:28',17),(931,'Aaliyah Konopelski','Nitzsche',2015,'Forense','1979-12-11',3750,NULL,'2022-11-28 04:02:28','2022-11-28 04:02:28',17),(932,'Grayson Nienow','Goyette',1992,'Forense','1987-05-03',3750,NULL,'2022-11-28 04:02:28','2022-11-28 04:02:28',17),(933,'Katrine Walter DDS','Satterfield',1986,'Forense','1972-04-10',3750,NULL,'2022-11-28 04:02:28','2022-11-28 04:02:28',17),(934,'Benjamin Mohr','Bartoletti',1972,'Forense','2007-12-31',3750,NULL,'2022-11-28 04:02:28','2022-11-28 04:02:28',17),(935,'Aleen Hartmann','Rogahn',1991,'Forense','1972-07-30',3750,NULL,'2022-11-28 04:02:28','2022-11-28 04:02:28',17),(936,'Johann Russel Jr.','Kovacek',2018,'Forense','1971-10-15',3750,NULL,'2022-11-28 04:02:28','2022-11-28 04:02:28',17),(937,'Dr. Conrad Stiedemann','McCullough',1988,'Forense','2003-10-17',3750,NULL,'2022-11-28 04:02:28','2022-11-28 04:02:28',17),(938,'Natasha Casper','Ryan',2013,'Forense','2012-01-24',3750,NULL,'2022-11-28 04:02:28','2022-11-28 04:02:28',17),(939,'Mr. Rodger Bartoletti III','Kuhn',1991,'Forense','1970-08-28',3750,NULL,'2022-11-28 04:02:28','2022-11-28 04:02:28',17),(940,'Dax Reilly','Goodwin',2010,'Forense','2012-08-19',3750,NULL,'2022-11-28 04:02:28','2022-11-28 04:02:28',17),(941,'Miss Amely Farrell III','Macejkovic',1980,'Forense','1990-02-23',3750,NULL,'2022-11-28 04:02:28','2022-11-28 04:02:28',17),(942,'Khalil Crist','Lebsack',2002,'Forense','2003-05-02',3750,NULL,'2022-11-28 04:02:28','2022-11-28 04:02:28',17),(943,'Judge Mertz','Gleichner',1981,'Forense','2021-05-09',3750,NULL,'2022-11-28 04:02:28','2022-11-28 04:02:28',17),(944,'Delilah Armstrong','Schumm',1984,'Forense','2004-06-25',3750,NULL,'2022-11-28 04:02:28','2022-11-28 04:02:28',17),(945,'Libby Conroy','Graham',2012,'Forense','2015-06-05',3750,NULL,'2022-11-28 04:02:28','2022-11-28 04:02:28',17),(946,'Miss Madalyn Braun','Beatty',1984,'Forense','2017-03-02',3750,NULL,'2022-11-28 04:02:28','2022-11-28 04:02:28',17),(947,'Vincent Mills','Haag',2002,'Forense','2003-05-31',3750,NULL,'2022-11-28 04:02:28','2022-11-28 04:02:28',17),(948,'Koby Schultz','Hartmann',1984,'Forense','1971-06-05',3750,NULL,'2022-11-28 04:02:28','2022-11-28 04:02:28',17),(949,'Laverne Prosacco','Kub',2014,'Forense','1992-06-05',3750,NULL,'2022-11-28 04:02:28','2022-11-28 04:02:28',17),(950,'Ms. Lia Bahringer Jr.','Sipes',2000,'Forense','2021-04-23',3750,NULL,'2022-11-28 04:02:28','2022-11-28 04:02:28',17),(951,'Rocio Morissette','Schroeder',2006,'Geriatra','2013-10-20',3870,NULL,'2022-11-28 04:02:28','2022-11-28 04:02:28',18),(952,'Mrs. Alanis Sipes Jr.','Carter',2006,'Geriatra','1971-03-08',3870,NULL,'2022-11-28 04:02:28','2022-11-28 04:02:28',18),(953,'Seth Haley','Hayes',1995,'Geriatra','1985-03-14',3870,NULL,'2022-11-28 04:02:28','2022-11-28 04:02:28',18),(954,'Kelsi Bergstrom','Hirthe',1983,'Geriatra','2001-05-27',3870,NULL,'2022-11-28 04:02:28','2022-11-28 04:02:28',18),(955,'Prof. Shawn Jenkins IV','Grant',1996,'Geriatra','1987-07-05',3870,NULL,'2022-11-28 04:02:28','2022-11-28 04:02:28',18),(956,'Antonette Stehr','Keeling',1971,'Geriatra','1979-05-26',3870,NULL,'2022-11-28 04:02:28','2022-11-28 04:02:28',18),(957,'Gladys Hickle','Casper',2012,'Geriatra','1974-12-24',3870,NULL,'2022-11-28 04:02:28','2022-11-28 04:02:28',18),(958,'Mr. Alfonzo Renner','Hayes',1973,'Geriatra','1990-11-01',3870,NULL,'2022-11-28 04:02:28','2022-11-28 04:02:28',18),(959,'Sigurd Thompson','Bogan',1991,'Geriatra','1988-12-26',3870,NULL,'2022-11-28 04:02:28','2022-11-28 04:02:28',18),(960,'Luther Klocko III','Dibbert',1974,'Geriatra','1996-08-07',3870,NULL,'2022-11-28 04:02:28','2022-11-28 04:02:28',18),(961,'Bell Maggio','Ledner',2002,'Geriatra','1978-12-08',3870,NULL,'2022-11-28 04:02:28','2022-11-28 04:02:28',18),(962,'Darian Pfannerstill','Durgan',1976,'Geriatra','2017-11-19',3870,NULL,'2022-11-28 04:02:28','2022-11-28 04:02:28',18),(963,'Carolyne Kling','Zboncak',1977,'Geriatra','2015-05-22',3870,NULL,'2022-11-28 04:02:28','2022-11-28 04:02:28',18),(964,'Rosie Harvey','Bashirian',2020,'Geriatra','1996-05-11',3870,NULL,'2022-11-28 04:02:28','2022-11-28 04:02:28',18),(965,'Ms. Katlyn Stokes DDS','Goyette',2001,'Geriatra','1995-12-03',3870,NULL,'2022-11-28 04:02:28','2022-11-28 04:02:28',18),(966,'Pansy Marquardt','Reichel',2004,'Geriatra','1996-01-05',3870,NULL,'2022-11-28 04:02:28','2022-11-28 04:02:28',18),(967,'Elenora Jakubowski','Macejkovic',1972,'Geriatra','1999-05-27',3870,NULL,'2022-11-28 04:02:28','2022-11-28 04:02:28',18),(968,'Perry Mayer','Kling',1991,'Geriatra','2010-01-30',3870,NULL,'2022-11-28 04:02:28','2022-11-28 04:02:28',18),(969,'Dr. Toy Harber I','Altenwerth',1981,'Geriatra','1992-09-15',3870,NULL,'2022-11-28 04:02:28','2022-11-28 04:02:28',18),(970,'Brown Rohan','Larkin',2017,'Geriatra','1989-10-07',3870,NULL,'2022-11-28 04:02:28','2022-11-28 04:02:28',18),(971,'Rhoda Oberbrunner','Breitenberg',1971,'Geriatra','2007-11-06',3870,NULL,'2022-11-28 04:02:28','2022-11-28 04:02:28',18),(972,'Kirsten Rath IV','Schaden',1980,'Geriatra','1988-07-08',3870,NULL,'2022-11-28 04:02:28','2022-11-28 04:02:28',18),(973,'Prof. Shayna Waters','Osinski',2005,'Geriatra','1982-08-04',3870,NULL,'2022-11-28 04:02:28','2022-11-28 04:02:28',18),(974,'Prof. Abelardo Labadie PhD','Maggio',1989,'Geriatra','1988-06-11',3870,NULL,'2022-11-28 04:02:28','2022-11-28 04:02:28',18),(975,'Tommie Pagac','Rau',1974,'Geriatra','2003-03-19',3870,NULL,'2022-11-28 04:02:28','2022-11-28 04:02:28',18),(976,'Cedrick Mitchell','Schaden',1972,'Geriatra','2001-11-26',3870,NULL,'2022-11-28 04:02:28','2022-11-28 04:02:28',18),(977,'William Funk','Macejkovic',1995,'Geriatra','1989-10-09',3870,NULL,'2022-11-28 04:02:28','2022-11-28 04:02:28',18),(978,'Sophie Labadie','Herman',2011,'Geriatra','2000-01-04',3870,NULL,'2022-11-28 04:02:28','2022-11-28 04:02:28',18),(979,'Tressa Hodkiewicz','Boehm',1986,'Geriatra','1975-02-27',3870,NULL,'2022-11-28 04:02:28','2022-11-28 04:02:28',18),(980,'Lolita Orn','Willms',2022,'Geriatra','1970-02-02',3870,NULL,'2022-11-28 04:02:28','2022-11-28 04:02:28',18),(981,'Luther Gorczany','Wiegand',1984,'Geriatra','1971-10-07',3870,NULL,'2022-11-28 04:02:28','2022-11-28 04:02:28',18),(982,'Clark Quigley','Abernathy',2002,'Geriatra','1996-07-28',3870,NULL,'2022-11-28 04:02:28','2022-11-28 04:02:28',18),(983,'Ms. Ethelyn Hartmann IV','Smitham',1980,'Geriatra','1989-08-24',3870,NULL,'2022-11-28 04:02:28','2022-11-28 04:02:28',18),(984,'Richie Kutch','Hintz',2010,'Geriatra','2000-10-23',3870,NULL,'2022-11-28 04:02:28','2022-11-28 04:02:28',18),(985,'Howell Moore','Bahringer',1996,'Geriatra','2003-03-20',3870,NULL,'2022-11-28 04:02:28','2022-11-28 04:02:28',18),(986,'Dimitri Jast DVM','Waelchi',1999,'Geriatra','1998-07-21',3870,NULL,'2022-11-28 04:02:28','2022-11-28 04:02:28',18),(987,'Prof. Della Willms DDS','Ward',2007,'Geriatra','2010-03-30',3870,NULL,'2022-11-28 04:02:28','2022-11-28 04:02:28',18),(988,'Chris Pacocha','Wolff',1993,'Geriatra','1993-06-13',3870,NULL,'2022-11-28 04:02:28','2022-11-28 04:02:28',18),(989,'Markus Spencer','Heaney',1985,'Geriatra','2014-02-16',3870,NULL,'2022-11-28 04:02:28','2022-11-28 04:02:28',18),(990,'Sigurd Schuster','Gerhold',2016,'Geriatra','1999-12-25',3870,NULL,'2022-11-28 04:02:28','2022-11-28 04:02:28',18),(991,'Colby Marks','Batz',1989,'Geriatra','2006-05-05',3870,NULL,'2022-11-28 04:02:28','2022-11-28 04:02:28',18),(992,'Jerrold Champlin','Sipes',1971,'Geriatra','1982-05-02',3870,NULL,'2022-11-28 04:02:28','2022-11-28 04:02:28',18),(993,'Raoul Steuber Jr.','Lowe',2017,'Geriatra','1996-02-06',3870,NULL,'2022-11-28 04:02:28','2022-11-28 04:02:28',18),(994,'Carolyne Russel MD','Kovacek',1980,'Geriatra','2018-10-13',3870,NULL,'2022-11-28 04:02:28','2022-11-28 04:02:28',18),(995,'Angelina Kerluke','Pacocha',2001,'Geriatra','2012-09-11',3870,NULL,'2022-11-28 04:02:28','2022-11-28 04:02:28',18),(996,'Porter Haley V','Haley',1978,'Geriatra','1979-09-29',3870,NULL,'2022-11-28 04:02:28','2022-11-28 04:02:28',18),(997,'Dr. Arden Langworth','McClure',1986,'Geriatra','2015-12-18',3870,NULL,'2022-11-28 04:02:28','2022-11-28 04:02:28',18),(998,'Patrick Dach','Braun',1998,'Geriatra','2019-08-27',3870,NULL,'2022-11-28 04:02:28','2022-11-28 04:02:28',18),(999,'Marley Wilderman','Bergnaum',2018,'Geriatra','1997-06-09',3870,NULL,'2022-11-28 04:02:28','2022-11-28 04:02:28',18),(1000,'Ray Bradtke III','Heller',2017,'Geriatra','1995-02-26',3870,NULL,'2022-11-28 04:02:28','2022-11-28 04:02:28',18),(1001,'Rashad Lind','Becker',1994,'Geriatra','1976-10-03',3870,NULL,'2022-11-28 04:02:28','2022-11-28 04:02:28',18),(1002,'Destiney Reynolds','Schiller',1996,'Geriatra','1982-05-10',3870,NULL,'2022-11-28 04:02:28','2022-11-28 04:02:28',18);
/*!40000 ALTER TABLE `empleados` ENABLE KEYS */;
UNLOCK TABLES;

--
-- Table structure for table `migrations`
--

DROP TABLE IF EXISTS `migrations`;
/*!40101 SET @saved_cs_client     = @@character_set_client */;
/*!50503 SET character_set_client = utf8mb4 */;
CREATE TABLE `migrations` (
  `id` int unsigned NOT NULL AUTO_INCREMENT,
  `migration` varchar(255) COLLATE utf8mb4_unicode_ci NOT NULL,
  `batch` int NOT NULL,
  PRIMARY KEY (`id`)
) ENGINE=InnoDB AUTO_INCREMENT=5 DEFAULT CHARSET=utf8mb4 COLLATE=utf8mb4_unicode_ci;
/*!40101 SET character_set_client = @saved_cs_client */;

--
-- Dumping data for table `migrations`
--

LOCK TABLES `migrations` WRITE;
/*!40000 ALTER TABLE `migrations` DISABLE KEYS */;
INSERT INTO `migrations` VALUES (1,'2014_10_12_000000_create_users_table',1),(2,'2014_10_12_100000_create_password_resets_table',1),(3,'2019_08_19_000000_create_failed_jobs_table',1),(4,'2019_12_14_000001_create_personal_access_tokens_table',1);
/*!40000 ALTER TABLE `migrations` ENABLE KEYS */;
UNLOCK TABLES;
/*!40103 SET TIME_ZONE=@OLD_TIME_ZONE */;

/*!40101 SET SQL_MODE=@OLD_SQL_MODE */;
/*!40014 SET FOREIGN_KEY_CHECKS=@OLD_FOREIGN_KEY_CHECKS */;
/*!40014 SET UNIQUE_CHECKS=@OLD_UNIQUE_CHECKS */;
/*!40101 SET CHARACTER_SET_CLIENT=@OLD_CHARACTER_SET_CLIENT */;
/*!40101 SET CHARACTER_SET_RESULTS=@OLD_CHARACTER_SET_RESULTS */;
/*!40101 SET COLLATION_CONNECTION=@OLD_COLLATION_CONNECTION */;
/*!40111 SET SQL_NOTES=@OLD_SQL_NOTES */;

-- Dump completed on 2022-11-28 21:13:19
